Runda,Data,N1,N2,N3,N4,N5,N6
Tragerea #1,1/12/1995,5,13,26,38,37,25
Tragerea #2,1/19/1995,20,32,38,21,5,11
Tragerea #3,1/26/1995,32,27,38,11,10,29
Tragerea #4,2/2/1995,10,36,31,40,3,38
Tragerea #5,2/9/1995,24,11,21,32,22,15
Tragerea #6,2/16/1995,32,5,8,7,22,24
Tragerea #7,2/23/1995,38,31,11,10,8,37
Tragerea #8,3/9/1995,12,25,1,6,22,9
Tragerea #9,3/16/1995,35,10,7,17,27,26
Tragerea #10,3/23/1995,6,4,9,25,32,38
Tragerea #11,3/30/1995,14,20,30,18,10,2
Tragerea #12,4/6/1995,11,23,15,40,4,1
Tragerea #13,4/13/1995,6,27,35,11,22,34
Tragerea #14,4/20/1995,9,4,35,1,31,19
Tragerea #15,4/27/1995,20,4,35,33,12,11
Tragerea #16,5/4/1995,9,6,39,1,7,34
Tragerea #17,5/11/1995,33,2,34,11,30,25
Tragerea #18,5/18/1995,36,27,24,29,25,26
Tragerea #19,5/25/1995,21,22,13,24,32,26
Tragerea #20,6/1/1995,9,39,10,17,40,5
Tragerea #21,6/8/1995,28,10,34,13,36,4
Tragerea #22,6/15/1995,26,34,6,22,39,20
Tragerea #23,6/22/1995,27,15,23,28,6,4
Tragerea #24,6/29/1995,17,24,20,19,26,15
Tragerea #25,7/6/1995,18,21,27,13,5,31
Tragerea #26,7/13/1995,5,21,36,3,29,11
Tragerea #27,7/20/1995,39,14,22,27,40,23
Tragerea #28,7/27/1995,1,30,13,15,11,20
Tragerea #29,8/3/1995,8,5,34,33,14,1
Tragerea #30,8/10/1995,2,13,24,28,37,22
Tragerea #31,8/17/1995,19,3,25,31,38,22
Tragerea #32,8/24/1995,37,18,23,32,30,17
Tragerea #33,8/31/1995,14,37,35,13,33,21
Tragerea #34,9/7/1995,23,33,35,27,20,32
Tragerea #35,9/14/1995,14,12,37,40,21,7
Tragerea #36,9/21/1995,27,3,19,20,37,31
Tragerea #37,9/28/1995,21,29,33,12,36,38
Tragerea #38,10/5/1995,21,40,9,35,19,26
Tragerea #39,10/12/1995,26,19,37,36,18,4
Tragerea #40,10/19/1995,23,24,14,10,5,29
Tragerea #41,10/26/1995,23,38,32,8,17,4
Tragerea #42,11/2/1995,9,22,14,12,17,25
Tragerea #43,11/9/1995,29,5,32,15,20,40
Tragerea #44,11/16/1995,5,7,34,28,16,19
Tragerea #45,11/23/1995,4,17,6,25,34,9
Tragerea #46,11/30/1995,33,12,37,2,13,1
Tragerea #47,12/7/1995,8,23,30,22,3,11
Tragerea #48,12/14/1995,3,34,39,1,31,25
Tragerea #49,12/21/1995,5,24,17,11,18,32
Tragerea #50,1/7/1996,27,36,9,21,26,32
Tragerea #51,1/11/1996,38,6,24,36,19,34
Tragerea #52,1/18/1996,22,3,24,2,12,4
Tragerea #53,1/25/1996,19,6,38,2,14,31
Tragerea #54,2/1/1996,17,4,33,30,39,35
Tragerea #55,2/8/1996,1,38,23,30,2,37
Tragerea #56,2/15/1996,16,17,34,6,15,32
Tragerea #57,2/22/1996,40,22,4,39,24,29
Tragerea #58,3/7/1996,10,29,2,25,36,16
Tragerea #59,3/14/1996,40,4,8,22,2,13
Tragerea #60,3/21/1996,16,25,3,14,7,29
Tragerea #61,3/28/1996,33,27,22,12,19,10
Tragerea #62,4/4/1996,40,25,30,11,12,9
Tragerea #63,4/11/1996,32,35,28,12,11,33
Tragerea #64,4/18/1996,31,36,29,2,26,34
Tragerea #65,4/25/1996,35,40,33,25,32,5
Tragerea #66,5/2/1996,38,31,8,35,20,6
Tragerea #67,5/9/1996,21,10,39,30,29,2
Tragerea #68,5/16/1996,11,17,18,7,4,21
Tragerea #69,5/23/1996,16,26,4,35,12,9
Tragerea #70,5/30/1996,37,23,22,14,2,29
Tragerea #71,6/6/1996,3,23,4,17,31,32
Tragerea #72,6/13/1996,25,18,26,1,27,21
Tragerea #73,6/20/1996,21,29,38,40,20,7
Tragerea #74,6/27/1996,37,26,9,28,39,13
Tragerea #75,7/4/1996,8,12,38,6,16,11
Tragerea #76,7/11/1996,39,16,1,10,5,35
Tragerea #77,7/18/1996,36,19,26,34,38,10
Tragerea #78,7/25/1996,40,37,14,30,16,13
Tragerea #79,8/1/1996,37,40,20,1,12,9
Tragerea #80,8/8/1996,7,35,3,40,18,25
Tragerea #81,8/15/1996,19,33,29,3,27,7
Tragerea #82,8/22/1996,13,31,26,7,33,10
Tragerea #83,8/29/1996,6,15,10,20,39,12
Tragerea #84,9/5/1996,4,20,17,7,39,15
Tragerea #85,9/12/1996,3,35,5,19,38,22
Tragerea #86,9/19/1996,13,16,18,29,2,9
Tragerea #87,9/26/1996,13,17,8,22,10,39
Tragerea #88,10/3/1996,26,18,10,8,16,14
Tragerea #89,10/10/1996,26,27,4,36,13,19
Tragerea #90,10/17/1996,31,6,27,39,14,18
Tragerea #91,10/24/1996,15,31,16,20,5,1
Tragerea #92,10/31/1996,10,15,20,21,4,5
Tragerea #93,11/7/1996,36,33,16,10,9,39
Tragerea #94,11/14/1996,32,20,31,24,5,23
Tragerea #95,11/21/1996,13,7,22,9,24,30
Tragerea #96,11/28/1996,32,7,25,21,15,40
Tragerea #97,12/5/1996,22,37,17,20,29,24
Tragerea #98,12/12/1996,11,17,32,20,1,28
Tragerea #99,12/19/1996,25,8,18,12,23,38
Tragerea #100,1/5/1997,22,1,29,33,18,27
Tragerea #101,1/9/1997,22,29,6,26,24,15
Tragerea #102,1/16/1997,29,6,36,21,33,35
Tragerea #103,1/23/1997,18,21,28,10,7,1
Tragerea #104,1/30/1997,28,3,34,16,25,38
Tragerea #105,2/6/1997,21,14,38,22,11,23
Tragerea #106,2/13/1997,25,37,10,20,24,40
Tragerea #107,2/20/1997,1,40,16,11,24,17
Tragerea #108,2/27/1997,16,1,14,32,30,33
Tragerea #109,3/6/1997,38,6,22,21,32,20
Tragerea #110,3/13/1997,5,38,8,25,37,3
Tragerea #111,3/20/1997,35,39,11,28,27,19
Tragerea #112,3/27/1997,3,33,9,21,18,17
Tragerea #113,4/3/1997,15,30,28,40,37,5
Tragerea #114,4/10/1997,5,10,12,30,19,35
Tragerea #115,4/17/1997,7,1,37,18,29,35
Tragerea #116,4/24/1997,4,18,16,19,5,21
Tragerea #117,5/1/1997,23,40,37,13,34,8
Tragerea #118,5/8/1997,40,26,21,6,14,5
Tragerea #119,5/15/1997,4,38,22,27,25,26
Tragerea #120,5/22/1997,21,6,34,24,28,18
Tragerea #121,5/29/1997,20,21,31,5,35,28
Tragerea #122,6/5/1997,11,14,15,35,34,3
Tragerea #123,6/12/1997,32,5,38,7,36,8
Tragerea #124,6/19/1997,9,6,28,19,25,13
Tragerea #125,6/26/1997,24,14,27,22,15,5
Tragerea #126,7/3/1997,33,22,30,13,29,36
Tragerea #127,7/10/1997,16,4,20,12,3,2
Tragerea #128,7/17/1997,20,36,37,23,3,19
Tragerea #129,7/24/1997,30,18,36,4,14,20
Tragerea #130,7/31/1997,29,14,22,16,8,30
Tragerea #131,8/7/1997,11,32,17,14,18,8
Tragerea #132,8/14/1997,30,4,6,23,13,21
Tragerea #133,8/21/1997,14,23,38,18,37,11
Tragerea #134,8/28/1997,5,33,3,32,29,16
Tragerea #135,9/4/1997,9,10,30,35,36,23
Tragerea #136,9/11/1997,35,10,11,26,16,2
Tragerea #137,9/18/1997,19,33,23,14,8,20
Tragerea #138,9/25/1997,35,9,3,25,22,8
Tragerea #139,10/2/1997,37,20,3,8,28,27
Tragerea #140,10/9/1997,14,15,26,40,11,3
Tragerea #141,10/16/1997,14,26,7,12,24,19
Tragerea #142,10/23/1997,25,33,14,20,2,15
Tragerea #143,10/30/1997,35,20,2,31,28,16
Tragerea #144,11/6/1997,35,32,4,30,40,29
Tragerea #145,11/13/1997,23,11,36,26,2,12
Tragerea #146,11/20/1997,3,27,23,15,4,37
Tragerea #147,11/27/1997,6,21,25,39,32,18
Tragerea #148,12/4/1997,5,8,4,37,39,30
Tragerea #149,12/11/1997,34,32,15,18,31,40
Tragerea #150,12/18/1997,40,25,18,17,21,4
Tragerea #151,1/8/1998,22,15,13,30,28,39
Tragerea #152,1/15/1998,30,25,19,36,2,37
Tragerea #153,1/22/1998,16,12,9,26,10,1
Tragerea #154,1/29/1998,40,20,14,19,38,28
Tragerea #155,2/5/1998,39,23,17,18,14,20
Tragerea #156,2/12/1998,6,40,39,25,21,4
Tragerea #157,2/19/1998,7,13,9,34,28,11
Tragerea #158,2/26/1998,24,37,5,31,19,17
Tragerea #159,3/5/1998,18,12,13,7,37,29
Tragerea #160,3/12/1998,16,36,9,34,40,3
Tragerea #161,3/19/1998,33,7,4,34,29,37
Tragerea #162,3/26/1998,6,7,21,33,14,28
Tragerea #163,4/2/1998,23,8,12,28,5,6
Tragerea #164,4/9/1998,14,7,2,10,37,29
Tragerea #165,4/16/1998,8,4,12,9,20,5
Tragerea #166,4/23/1998,37,9,24,34,21,2
Tragerea #167,4/30/1998,17,40,20,34,35,26
Tragerea #168,5/7/1998,3,33,5,30,12,15
Tragerea #169,5/14/1998,21,34,14,23,30,25
Tragerea #170,5/21/1998,19,39,27,37,31,30
Tragerea #171,5/28/1998,40,35,39,37,29,33
Tragerea #172,6/4/1998,34,21,23,14,6,27
Tragerea #173,6/11/1998,20,16,26,27,2,32
Tragerea #174,6/18/1998,22,23,11,16,39,2
Tragerea #175,6/25/1998,32,35,2,37,6,38
Tragerea #176,7/2/1998,16,33,14,32,27,8
Tragerea #177,7/9/1998,15,14,21,26,40,17
Tragerea #178,7/16/1998,37,1,18,20,32,11
Tragerea #179,7/23/1998,3,25,36,22,32,18
Tragerea #180,7/30/1998,10,36,20,9,22,35
Tragerea #181,8/6/1998,23,30,20,28,5,7
Tragerea #182,8/13/1998,34,29,22,14,38,30
Tragerea #183,8/20/1998,15,40,9,2,12,22
Tragerea #184,8/27/1998,20,31,1,35,40,11
Tragerea #185,9/3/1998,34,36,15,21,11,16
Tragerea #186,9/10/1998,36,13,37,11,34,7
Tragerea #187,9/17/1998,20,14,17,36,8,2
Tragerea #188,9/24/1998,28,12,30,37,21,7
Tragerea #189,10/1/1998,30,38,16,12,1,14
Tragerea #190,10/8/1998,37,3,30,29,24,5
Tragerea #191,10/15/1998,39,25,29,17,40,9
Tragerea #192,10/22/1998,26,27,3,11,20,5
Tragerea #193,10/29/1998,10,38,14,2,18,31
Tragerea #194,11/5/1998,4,9,23,29,22,1
Tragerea #195,11/12/1998,3,24,31,17,29,11
Tragerea #196,11/19/1998,25,5,33,38,27,10
Tragerea #197,11/26/1998,24,13,3,35,2,40
Tragerea #198,12/3/1998,35,34,18,21,36,24
Tragerea #199,12/10/1998,9,40,15,7,4,18
Tragerea #200,12/17/1998,30,6,25,2,28,38
Tragerea #201,12/24/1998,25,27,20,21,2,38
Tragerea #202,1/7/1999,31,34,39,4,2,7
Tragerea #203,1/14/1999,7,36,30,14,24,38
Tragerea #204,1/21/1999,29,6,2,40,20,25
Tragerea #205,1/28/1999,32,35,37,31,39,30
Tragerea #206,2/4/1999,10,38,24,29,14,23
Tragerea #207,2/11/1999,17,28,38,20,7,21
Tragerea #208,2/18/1999,8,30,14,7,36,12
Tragerea #209,2/25/1999,37,16,6,29,2,3
Tragerea #210,3/4/1999,34,32,15,3,37,29
Tragerea #211,3/11/1999,19,30,7,35,27,13
Tragerea #212,3/18/1999,17,29,25,11,22,13
Tragerea #213,3/25/1999,15,13,38,5,23,33
Tragerea #214,4/1/1999,14,40,19,18,32,38
Tragerea #215,4/8/1999,33,7,34,2,30,13
Tragerea #216,4/15/1999,5,27,21,23,7,13
Tragerea #217,4/22/1999,10,27,17,31,22,34
Tragerea #218,4/29/1999,5,40,18,27,29,19
Tragerea #219,5/6/1999,10,19,36,12,25,30
Tragerea #220,5/13/1999,30,15,37,9,10,33
Tragerea #221,5/20/1999,8,27,26,30,34,7
Tragerea #222,5/27/1999,5,25,35,22,40,3
Tragerea #223,6/3/1999,4,26,23,37,9,22
Tragerea #224,6/10/1999,34,24,22,30,38,31
Tragerea #225,6/17/1999,40,2,26,33,16,30
Tragerea #226,6/24/1999,22,21,40,10,28,32
Tragerea #227,7/1/1999,10,6,19,25,37,4
Tragerea #228,7/8/1999,16,28,38,27,36,21
Tragerea #229,7/15/1999,15,17,30,33,2,19
Tragerea #230,7/22/1999,14,39,26,19,20,32
Tragerea #231,7/29/1999,23,25,11,1,21,14
Tragerea #232,8/5/1999,21,3,39,33,15,40
Tragerea #233,8/12/1999,26,15,27,29,12,1
Tragerea #234,8/19/1999,27,4,30,37,5,14
Tragerea #235,8/26/1999,14,8,28,39,32,10
Tragerea #236,9/2/1999,27,17,37,4,24,21
Tragerea #237,9/9/1999,35,5,4,21,36,40
Tragerea #238,9/16/1999,30,25,26,34,33,20
Tragerea #239,9/23/1999,7,10,9,11,2,18
Tragerea #240,9/30/1999,37,8,29,26,19,21
Tragerea #241,10/7/1999,8,30,19,5,16,10
Tragerea #242,10/14/1999,35,6,3,22,15,10
Tragerea #243,10/21/1999,23,8,36,17,33,9
Tragerea #244,10/28/1999,16,38,17,39,32,20
Tragerea #245,11/4/1999,32,37,30,1,15,40
Tragerea #246,11/11/1999,28,7,19,8,10,1
Tragerea #247,11/18/1999,30,4,15,6,28,29
Tragerea #248,11/25/1999,16,5,11,14,31,35
Tragerea #249,12/2/1999,28,8,6,24,36,21
Tragerea #250,12/9/1999,2,34,31,9,38,19
Tragerea #251,12/16/1999,3,19,4,12,36,32
Tragerea #252,12/23/1999,22,14,10,23,12,33
Tragerea #253,1/6/2000,9,24,2,29,31,1
Tragerea #254,1/13/2000,30,36,1,10,38,34
Tragerea #255,1/20/2000,28,5,29,38,4,6
Tragerea #256,1/27/2000,40,31,37,12,34,7
Tragerea #257,2/3/2000,3,15,37,29,38,36
Tragerea #258,2/10/2000,2,17,6,39,34,14
Tragerea #259,2/17/2000,3,25,14,27,23,36
Tragerea #260,2/24/2000,18,6,4,31,39,14
Tragerea #261,3/2/2000,38,21,15,5,14,8
Tragerea #262,3/9/2000,39,21,31,6,9,23
Tragerea #263,3/16/2000,4,20,5,1,3,12
Tragerea #264,3/23/2000,27,30,10,39,36,7
Tragerea #265,3/30/2000,27,10,3,29,9,34
Tragerea #266,4/6/2000,25,9,17,3,35,13
Tragerea #267,4/13/2000,13,6,39,9,37,19
Tragerea #268,4/20/2000,37,15,28,18,20,9
Tragerea #269,4/27/2000,22,16,19,5,31,30
Tragerea #270,5/4/2000,39,2,3,11,10,23
Tragerea #271,5/11/2000,15,28,14,32,2,11
Tragerea #272,5/18/2000,38,1,9,20,2,32
Tragerea #273,5/25/2000,20,5,34,1,18,2
Tragerea #274,6/1/2000,24,37,11,5,26,15
Tragerea #275,6/8/2000,14,3,12,4,8,23
Tragerea #276,6/15/2000,17,23,38,34,6,36
Tragerea #277,6/22/2000,9,23,28,37,4,14
Tragerea #278,6/29/2000,28,2,13,6,36,40
Tragerea #279,7/6/2000,26,6,32,21,18,27
Tragerea #280,7/13/2000,19,24,5,34,37,12
Tragerea #281,7/20/2000,34,40,36,39,33,26
Tragerea #282,7/27/2000,27,3,13,36,17,32
Tragerea #283,8/3/2000,29,22,2,34,17,10
Tragerea #284,8/10/2000,12,4,37,20,36,1
Tragerea #285,8/17/2000,8,3,1,40,30,22
Tragerea #286,8/24/2000,11,17,32,27,33,40
Tragerea #287,8/31/2000,19,12,23,37,34,1
Tragerea #288,9/7/2000,21,29,30,10,37,34
Tragerea #289,9/14/2000,11,24,8,19,31,25
Tragerea #290,9/21/2000,8,12,33,23,28,37
Tragerea #291,9/28/2000,5,21,17,2,23,3
Tragerea #292,10/5/2000,19,14,35,36,26,37
Tragerea #293,10/12/2000,13,17,38,21,2,36
Tragerea #294,10/19/2000,12,19,20,3,22,28
Tragerea #295,10/26/2000,15,31,23,29,30,7
Tragerea #296,11/2/2000,21,40,12,9,2,6
Tragerea #297,11/9/2000,16,2,26,25,4,31
Tragerea #298,11/16/2000,3,6,38,1,17,22
Tragerea #299,11/23/2000,26,25,12,7,11,13
Tragerea #300,11/30/2000,25,33,18,21,19,28
Tragerea #301,12/7/2000,14,38,1,29,16,18
Tragerea #302,12/14/2000,9,40,29,2,38,14
Tragerea #303,12/21/2000,25,14,6,4,23,16
Tragerea #304,1/4/2001,33,40,35,9,14,32
Tragerea #305,1/11/2001,21,25,28,33,10,24
Tragerea #306,1/18/2001,7,22,25,38,9,27
Tragerea #307,1/25/2001,18,6,7,13,17,30
Tragerea #308,2/1/2001,31,14,11,10,6,2
Tragerea #309,2/8/2001,19,27,34,26,5,3
Tragerea #310,2/15/2001,30,26,34,32,31,36
Tragerea #311,2/22/2001,10,24,23,13,14,40
Tragerea #312,3/1/2001,3,34,40,17,19,35
Tragerea #313,3/8/2001,4,22,30,6,8,28
Tragerea #314,3/15/2001,6,4,22,18,38,9
Tragerea #315,3/22/2001,27,1,13,21,23,33
Tragerea #316,3/29/2001,17,28,27,3,24,9
Tragerea #317,4/5/2001,16,23,35,4,8,39
Tragerea #318,4/12/2001,17,31,28,1,21,6
Tragerea #319,4/19/2001,18,37,16,21,5,25
Tragerea #320,4/26/2001,22,16,35,36,27,32
Tragerea #321,5/3/2001,8,6,37,2,20,38
Tragerea #322,5/10/2001,35,17,19,24,31,10
Tragerea #323,5/17/2001,33,4,17,30,1,6
Tragerea #324,5/24/2001,31,24,28,30,25,9
Tragerea #325,5/31/2001,26,22,5,29,23,3
Tragerea #326,6/7/2001,9,3,20,28,30,10
Tragerea #327,6/14/2001,23,33,22,11,30,4
Tragerea #328,6/21/2001,9,20,5,21,34,12
Tragerea #329,6/28/2001,11,18,17,25,10,4
Tragerea #330,7/5/2001,17,26,28,1,14,12
Tragerea #331,7/12/2001,27,16,14,3,19,17
Tragerea #332,7/19/2001,4,1,26,11,21,29
Tragerea #333,7/26/2001,21,1,4,13,37,30
Tragerea #334,8/2/2001,37,17,21,10,20,27
Tragerea #335,8/9/2001,25,8,30,22,12,40
Tragerea #336,8/16/2001,7,21,20,12,6,34
Tragerea #337,8/23/2001,29,26,20,15,38,12
Tragerea #338,8/30/2001,20,22,5,6,7,27
Tragerea #339,9/6/2001,28,40,22,19,9,35
Tragerea #340,9/13/2001,28,35,16,2,3,38
Tragerea #341,9/20/2001,23,26,25,2,9,21
Tragerea #342,9/27/2001,32,7,40,36,18,12
Tragerea #343,10/4/2001,11,14,23,13,1,27
Tragerea #344,10/11/2001,36,34,6,40,17,5
Tragerea #345,10/18/2001,16,26,40,28,5,24
Tragerea #346,10/25/2001,35,15,30,28,5,21
Tragerea #347,11/1/2001,25,40,20,30,1,34
Tragerea #348,11/8/2001,27,32,35,29,5,28
Tragerea #349,11/15/2001,15,12,31,7,17,21
Tragerea #350,11/22/2001,7,6,8,14,27,1
Tragerea #351,11/29/2001,4,14,15,1,19,11
Tragerea #352,12/6/2001,35,33,39,25,34,29
Tragerea #353,12/13/2001,33,3,28,13,25,27
Tragerea #354,12/20/2001,7,18,22,33,40,8
Tragerea #355,1/10/2002,18,31,15,12,24,40
Tragerea #356,1/17/2002,40,33,15,1,11,25
Tragerea #357,1/24/2002,11,10,38,35,16,28
Tragerea #358,1/31/2002,40,2,1,10,4,26
Tragerea #359,2/7/2002,22,14,34,12,19,31
Tragerea #360,2/14/2002,23,25,22,3,8,36
Tragerea #361,2/21/2002,35,9,19,32,10,11
Tragerea #362,2/28/2002,9,39,1,10,36,32
Tragerea #363,3/7/2002,8,33,17,6,27,26
Tragerea #364,3/14/2002,12,8,13,29,40,17
Tragerea #365,3/21/2002,22,34,15,14,35,10
Tragerea #366,3/28/2002,16,22,31,37,14,21
Tragerea #367,4/4/2002,33,25,24,5,7,37
Tragerea #368,4/11/2002,22,18,38,24,37,23
Tragerea #369,4/18/2002,32,36,3,18,35,26
Tragerea #370,4/25/2002,12,10,7,38,18,15
Tragerea #371,5/2/2002,20,33,18,25,6,3
Tragerea #372,5/9/2002,13,7,11,26,29,9
Tragerea #373,5/16/2002,2,26,32,31,3,12
Tragerea #374,5/23/2002,20,33,12,29,14,35
Tragerea #375,5/30/2002,24,37,34,5,26,39
Tragerea #376,6/6/2002,10,31,37,4,13,26
Tragerea #377,6/13/2002,21,33,17,18,2,29
Tragerea #378,6/20/2002,6,39,14,34,38,1
Tragerea #379,6/27/2002,23,40,22,12,34,37
Tragerea #380,7/4/2002,27,25,14,15,11,23
Tragerea #381,7/11/2002,39,3,37,27,30,40
Tragerea #382,7/18/2002,37,15,31,22,40,17
Tragerea #383,7/25/2002,22,29,38,8,21,19
Tragerea #384,8/1/2002,6,12,17,36,33,35
Tragerea #385,8/8/2002,27,1,28,30,2,34
Tragerea #386,8/15/2002,12,33,8,36,20,38
Tragerea #387,8/22/2002,3,12,5,6,23,40
Tragerea #388,8/29/2002,40,25,39,24,9,5
Tragerea #389,9/5/2002,17,13,28,6,29,16
Tragerea #390,9/12/2002,36,28,2,34,38,9
Tragerea #391,9/19/2002,19,11,23,2,37,35
Tragerea #392,9/26/2002,18,28,21,35,14,36
Tragerea #393,10/3/2002,7,26,30,22,13,2
Tragerea #394,10/10/2002,33,28,17,37,4,12
Tragerea #395,10/17/2002,26,1,2,35,4,21
Tragerea #396,10/24/2002,35,20,3,15,1,30
Tragerea #397,10/31/2002,28,16,22,5,1,6
Tragerea #398,11/7/2002,27,22,39,38,29,26
Tragerea #399,11/14/2002,39,22,23,30,35,28
Tragerea #400,11/21/2002,2,28,37,8,29,13
Tragerea #401,11/28/2002,15,12,40,29,4,35
Tragerea #402,12/5/2002,6,38,4,30,32,27
Tragerea #403,12/12/2002,23,31,6,15,24,20
Tragerea #404,12/19/2002,27,5,30,36,28,22
Tragerea #405,12/27/2002,23,11,12,15,35,18
Tragerea #406,1/9/2003,38,31,7,18,27,20
Tragerea #407,1/16/2003,1,22,26,17,10,29
Tragerea #408,1/23/2003,16,36,19,29,14,18
Tragerea #409,1/30/2003,15,9,33,36,30,5
Tragerea #410,2/6/2003,29,8,9,20,39,23
Tragerea #411,2/13/2003,16,30,17,19,14,10
Tragerea #412,2/20/2003,13,17,24,5,35,14
Tragerea #413,2/27/2003,20,16,29,5,4,40
Tragerea #414,3/6/2003,21,22,20,18,25,24
Tragerea #415,3/13/2003,27,38,23,29,15,32
Tragerea #416,3/20/2003,8,40,11,28,27,13
Tragerea #417,3/27/2003,29,4,7,14,15,13
Tragerea #418,4/3/2003,13,28,22,38,32,15
Tragerea #419,4/10/2003,15,1,25,17,13,10
Tragerea #420,4/17/2003,30,5,25,11,6,21
Tragerea #421,4/24/2003,17,20,7,33,29,31
Tragerea #422,5/1/2003,11,6,18,35,22,28
Tragerea #423,5/8/2003,25,26,2,15,32,40
Tragerea #424,5/15/2003,12,38,28,40,19,18
Tragerea #425,5/22/2003,15,36,17,28,37,27
Tragerea #426,5/29/2003,10,29,35,25,8,6
Tragerea #427,6/5/2003,25,6,29,7,40,28
Tragerea #428,6/12/2003,6,3,22,32,12,8
Tragerea #429,6/19/2003,37,19,3,33,27,22
Tragerea #430,6/26/2003,33,20,34,17,12,25
Tragerea #431,7/3/2003,14,25,1,31,12,13
Tragerea #432,7/10/2003,27,2,26,22,12,1
Tragerea #433,7/17/2003,28,5,6,1,39,37
Tragerea #434,7/24/2003,19,11,35,16,18,4
Tragerea #435,7/31/2003,34,37,12,22,33,14
Tragerea #436,8/7/2003,12,14,22,23,2,30
Tragerea #437,8/14/2003,28,1,33,20,6,37
Tragerea #438,8/21/2003,25,27,23,9,15,5
Tragerea #439,8/28/2003,3,24,31,36,18,30
Tragerea #440,9/4/2003,20,28,31,9,22,37
Tragerea #441,9/11/2003,2,13,21,7,3,27
Tragerea #442,9/18/2003,29,24,18,1,8,28
Tragerea #443,9/25/2003,13,7,5,1,28,25
Tragerea #444,10/2/2003,3,8,36,5,25,28
Tragerea #445,10/9/2003,24,39,33,5,13,37
Tragerea #446,10/16/2003,19,8,4,1,11,18
Tragerea #447,10/23/2003,26,29,3,9,4,30
Tragerea #448,10/30/2003,13,29,5,20,21,35
Tragerea #449,11/6/2003,34,16,6,11,17,29
Tragerea #450,11/13/2003,2,34,11,16,9,22
Tragerea #451,11/20/2003,22,34,20,2,15,17
Tragerea #452,11/27/2003,10,32,39,40,3,37
Tragerea #453,12/4/2003,35,10,24,26,32,23
Tragerea #454,12/11/2003,12,22,18,32,17,36
Tragerea #455,12/18/2003,25,40,15,34,35,39
Tragerea #456,12/24/2003,7,30,10,33,24,32
Tragerea #457,1/8/2004,22,4,8,15,21,6
Tragerea #458,1/15/2004,7,18,27,3,8,4
Tragerea #459,1/22/2004,19,39,27,22,8,16
Tragerea #460,1/29/2004,11,37,34,25,26,15
Tragerea #461,2/5/2004,16,34,24,14,29,10
Tragerea #462,2/12/2004,18,13,17,27,4,38
Tragerea #463,2/19/2004,9,5,20,29,28,17
Tragerea #464,2/26/2004,3,24,25,5,27,37
Tragerea #465,3/4/2004,36,37,32,34,23,6
Tragerea #466,3/11/2004,17,29,40,9,32,33
Tragerea #467,3/18/2004,7,33,12,27,16,32
Tragerea #468,3/25/2004,2,34,15,29,5,24
Tragerea #469,4/1/2004,18,14,11,23,29,20
Tragerea #470,4/8/2004,31,19,14,16,40,3
Tragerea #471,4/15/2004,15,28,6,16,3,32
Tragerea #472,4/22/2004,16,34,37,13,40,12
Tragerea #473,4/29/2004,22,12,24,39,21,13
Tragerea #474,5/6/2004,20,26,1,3,14,2
Tragerea #475,5/13/2004,4,7,1,15,39,16
Tragerea #476,5/20/2004,24,13,21,32,2,26
Tragerea #477,5/27/2004,31,24,30,3,18,38
Tragerea #478,6/3/2004,9,36,5,21,30,4
Tragerea #479,6/10/2004,4,23,25,14,30,37
Tragerea #480,6/17/2004,2,7,40,17,9,5
Tragerea #481,6/24/2004,29,21,33,1,26,12
Tragerea #482,7/1/2004,33,36,27,14,2,26
Tragerea #483,7/8/2004,12,35,22,14,29,8
Tragerea #484,7/15/2004,32,3,33,29,11,16
Tragerea #485,7/22/2004,37,32,10,35,17,8
Tragerea #486,7/29/2004,28,12,37,34,14,32
Tragerea #487,8/5/2004,9,13,8,32,36,34
Tragerea #488,8/12/2004,34,27,26,28,9,1
Tragerea #489,8/19/2004,37,1,16,13,18,8
Tragerea #490,8/26/2004,2,23,18,4,37,19
Tragerea #491,9/2/2004,28,38,10,3,6,2
Tragerea #492,9/9/2004,19,5,16,31,32,38
Tragerea #493,9/16/2004,37,13,33,8,22,32
Tragerea #494,9/23/2004,21,6,2,20,7,17
Tragerea #495,9/30/2004,37,31,18,36,23,10
Tragerea #496,10/7/2004,24,6,13,18,31,28
Tragerea #497,10/14/2004,4,23,29,14,1,33
Tragerea #498,10/21/2004,10,18,12,27,32,4
Tragerea #499,10/28/2004,27,36,14,25,23,12
Tragerea #500,11/4/2004,8,38,19,7,18,9
Tragerea #501,11/11/2004,33,34,31,38,15,22
Tragerea #502,11/18/2004,8,22,17,25,1,12
Tragerea #503,11/25/2004,18,8,20,9,11,7
Tragerea #504,12/2/2004,6,35,13,21,11,33
Tragerea #505,12/9/2004,9,26,24,32,3,40
Tragerea #506,12/16/2004,9,32,8,4,34,1
Tragerea #507,12/23/2004,25,15,26,27,22,1
Tragerea #508,1/6/2005,22,18,29,39,9,31
Tragerea #509,1/13/2005,23,33,28,25,6,11
Tragerea #510,1/20/2005,35,37,14,9,39,22
Tragerea #511,1/27/2005,18,38,15,37,13,25
Tragerea #512,2/3/2005,21,28,10,34,26,8
Tragerea #513,2/10/2005,24,20,34,30,32,6
Tragerea #514,2/17/2005,11,2,22,4,12,35
Tragerea #515,2/24/2005,30,33,21,14,7,13
Tragerea #516,3/3/2005,18,31,30,10,38,28
Tragerea #517,3/10/2005,38,17,21,32,9,1
Tragerea #518,3/17/2005,38,14,40,28,7,5
Tragerea #519,3/24/2005,25,35,10,15,14,29
Tragerea #520,3/31/2005,13,28,5,8,33,32
Tragerea #521,4/7/2005,8,25,10,16,11,35
Tragerea #522,4/14/2005,15,21,25,13,4,1
Tragerea #523,4/21/2005,6,16,9,29,24,27
Tragerea #524,4/28/2005,14,33,35,13,31,4
Tragerea #525,5/5/2005,23,3,20,25,30,38
Tragerea #526,5/12/2005,25,4,27,17,28,15
Tragerea #527,5/19/2005,1,7,33,28,35,19
Tragerea #528,5/26/2005,15,21,23,34,10,26
Tragerea #529,6/2/2005,36,23,11,28,14,24
Tragerea #530,6/9/2005,15,39,29,28,25,23
Tragerea #531,6/16/2005,6,17,28,23,22,11
Tragerea #532,6/23/2005,37,23,38,6,32,14
Tragerea #533,6/30/2005,32,4,5,18,10,31
Tragerea #534,7/7/2005,24,18,30,7,19,23
Tragerea #535,7/14/2005,23,25,22,34,29,36
Tragerea #536,7/21/2005,28,10,2,24,37,26
Tragerea #537,7/28/2005,35,26,1,30,21,40
Tragerea #538,8/4/2005,21,1,3,37,30,14
Tragerea #539,8/11/2005,30,31,10,21,23,2
Tragerea #540,8/18/2005,3,10,16,32,2,30
Tragerea #541,8/25/2005,11,37,19,31,10,18
Tragerea #542,9/1/2005,9,5,23,12,35,26
Tragerea #543,9/8/2005,12,6,26,31,16,22
Tragerea #544,9/15/2005,33,40,7,1,39,11
Tragerea #545,9/22/2005,26,14,36,1,21,15
Tragerea #546,9/29/2005,39,9,14,17,29,40
Tragerea #547,10/6/2005,13,22,24,37,29,39
Tragerea #548,10/13/2005,26,24,4,2,17,13
Tragerea #549,10/20/2005,24,28,2,38,31,19
Tragerea #550,10/27/2005,12,2,17,8,14,32
Tragerea #551,11/3/2005,27,20,23,40,14,12
Tragerea #552,11/10/2005,7,2,20,23,34,17
Tragerea #553,11/17/2005,20,9,3,31,38,27
Tragerea #554,11/24/2005,19,33,7,39,14,15
Tragerea #555,12/1/2005,17,36,25,15,18,23
Tragerea #556,12/8/2005,39,18,15,1,11,20
Tragerea #557,12/15/2005,22,6,13,7,27,30
Tragerea #558,12/22/2005,22,21,34,28,25,2
Tragerea #559,12/29/2005,36,32,7,37,16,30
Tragerea #560,1/5/2006,39,6,13,26,18,23
Tragerea #561,1/12/2006,11,21,15,29,10,26
Tragerea #562,1/19/2006,30,20,29,23,35,19
Tragerea #563,1/26/2006,34,22,4,12,7,13
Tragerea #564,2/2/2006,31,7,32,5,29,15
Tragerea #565,2/9/2006,17,25,32,15,36,13
Tragerea #566,2/16/2006,5,37,10,39,32,35
Tragerea #567,2/23/2006,33,7,21,23,11,25
Tragerea #568,3/2/2006,34,16,35,18,8,22
Tragerea #569,3/9/2006,34,37,40,4,18,23
Tragerea #570,3/16/2006,8,14,2,25,36,39
Tragerea #571,3/23/2006,26,32,4,10,15,3
Tragerea #572,3/30/2006,15,23,9,29,27,5
Tragerea #573,4/6/2006,24,1,18,29,37,3
Tragerea #574,4/13/2006,29,32,27,19,24,36
Tragerea #575,4/27/2006,3,10,4,12,21,39
Tragerea #576,5/11/2006,27,3,32,8,38,15
Tragerea #577,5/25/2006,1,31,30,18,17,39
Tragerea #578,6/8/2006,31,37,25,5,6,28
Tragerea #579,6/22/2006,29,30,23,15,31,24
Tragerea #580,7/6/2006,5,12,10,6,36,15
Tragerea #581,7/20/2006,19,23,38,11,10,9
Tragerea #582,8/3/2006,39,32,36,21,34,9
Tragerea #583,8/17/2006,14,35,39,31,27,28
Tragerea #584,8/31/2006,18,14,32,28,33,3
Tragerea #585,9/14/2006,16,10,19,17,31,1
Tragerea #586,9/28/2006,35,21,29,30,11,28
Tragerea #587,10/12/2006,9,13,30,5,21,14
Tragerea #588,10/26/2006,3,20,8,30,15,28
Tragerea #589,11/9/2006,8,12,25,19,32,10
Tragerea #590,11/23/2006,2,19,33,24,20,17
Tragerea #591,12/7/2006,23,17,28,14,33,8
Tragerea #592,12/21/2006,35,8,31,38,19,23
Tragerea #593,1/4/2007,27,10,15,26,17,34
Tragerea #594,1/18/2007,24,23,9,34,7,14
Tragerea #595,2/1/2007,3,22,35,17,32,33
Tragerea #596,2/15/2007,20,9,39,27,21,14
Tragerea #597,3/1/2007,14,35,12,4,24,21
Tragerea #598,3/15/2007,28,31,3,4,1,8
Tragerea #599,3/29/2007,26,17,21,1,33,9
Tragerea #600,4/12/2007,3,5,32,20,4,23
Tragerea #601,4/26/2007,24,7,38,32,22,30
Tragerea #602,5/10/2007,19,3,21,23,40,38
Tragerea #603,5/24/2007,14,11,27,2,22,38
Tragerea #604,6/7/2007,15,29,26,20,9,27
Tragerea #605,6/21/2007,3,39,1,5,28,17
Tragerea #606,7/5/2007,26,12,34,7,36,21
Tragerea #607,7/19/2007,13,15,40,7,18,1
Tragerea #608,8/2/2007,36,6,18,13,8,38
Tragerea #609,8/16/2007,36,12,20,27,40,11
Tragerea #610,8/30/2007,21,6,16,31,25,8
Tragerea #611,9/13/2007,31,16,20,32,9,23
Tragerea #612,9/27/2007,23,14,33,13,5,11
Tragerea #613,10/11/2007,18,12,24,8,26,16
Tragerea #614,10/25/2007,13,21,26,23,9,20
Tragerea #615,11/8/2007,2,37,33,36,22,1
Tragerea #616,11/22/2007,34,13,27,23,17,20
Tragerea #617,12/6/2007,8,20,30,24,21,1
Tragerea #618,12/20/2007,26,21,23,12,14,19
Tragerea #619,1/10/2008,9,38,24,39,19,16
Tragerea #620,1/24/2008,21,9,3,30,1,23
Tragerea #621,2/7/2008,26,32,33,13,22,1
Tragerea #622,2/21/2008,19,26,34,29,40,37
Tragerea #623,3/6/2008,21,32,38,20,5,22
Tragerea #624,3/20/2008,7,8,6,32,28,23
Tragerea #625,4/3/2008,25,29,3,35,10,18
Tragerea #626,4/17/2008,25,36,38,31,32,3
Tragerea #627,5/1/2008,2,24,31,10,18,5
Tragerea #628,5/15/2008,9,5,6,35,19,13
Tragerea #629,5/29/2008,34,6,10,36,20,16
Tragerea #630,6/12/2008,7,23,29,1,2,5
Tragerea #631,6/26/2008,12,40,37,19,23,35
Tragerea #632,7/10/2008,11,3,10,7,33,32
Tragerea #633,7/24/2008,38,9,21,19,14,23
Tragerea #634,8/7/2008,35,39,31,27,24,12
Tragerea #635,8/21/2008,14,35,3,21,38,11
Tragerea #636,9/4/2008,37,22,10,8,25,28
Tragerea #637,9/18/2008,30,4,2,29,23,11
Tragerea #638,10/2/2008,3,18,26,17,20,24
Tragerea #639,10/16/2008,36,7,30,8,28,10
Tragerea #640,10/30/2008,12,8,7,19,29,2
Tragerea #641,11/13/2008,31,9,8,37,18,21
Tragerea #642,11/27/2008,26,18,39,31,29,22
Tragerea #643,12/11/2008,1,12,15,2,34,11
Tragerea #644,12/24/2008,3,30,24,10,18,38
Tragerea #645,1/15/2009,14,12,23,28,40,24
Tragerea #646,1/29/2009,10,14,9,33,4,32
Tragerea #647,2/12/2009,6,26,17,13,34,30
Tragerea #648,2/26/2009,37,20,9,26,14,8
Tragerea #649,3/12/2009,9,31,36,16,13,15
Tragerea #650,3/26/2009,25,6,38,14,33,27
Tragerea #651,4/9/2009,33,6,27,12,13,10
Tragerea #652,4/23/2009,27,20,3,7,25,30
Tragerea #653,5/7/2009,21,33,28,34,19,40
Tragerea #654,5/21/2009,28,9,6,7,3,12
Tragerea #655,6/4/2009,1,6,25,10,11,5
Tragerea #656,6/18/2009,6,34,7,16,22,12
Tragerea #657,7/2/2009,16,38,10,17,36,21
Tragerea #658,7/16/2009,3,24,9,4,1,14
Tragerea #659,7/30/2009,37,13,31,2,27,38
Tragerea #660,8/13/2009,20,12,24,7,23,26
Tragerea #661,8/27/2009,6,25,24,36,37,30
Tragerea #662,9/10/2009,32,36,18,5,19,26
Tragerea #663,9/24/2009,9,12,38,15,1,2
Tragerea #664,10/8/2009,33,22,1,24,36,17
Tragerea #665,10/22/2009,13,11,7,18,24,33
Tragerea #666,11/5/2009,9,31,32,18,6,11
Tragerea #667,11/19/2009,32,16,4,36,24,27
Tragerea #668,12/3/2009,4,21,17,31,15,36
Tragerea #669,12/17/2009,24,25,39,32,22,20
Tragerea #670,12/31/2009,33,24,4,36,10,13
Tragerea #671,1/14/2010,7,1,24,23,30,26
Tragerea #672,1/28/2010,28,39,38,16,25,13
Tragerea #673,2/11/2010,13,20,18,2,33,31
Tragerea #674,2/25/2010,40,11,4,31,15,25
Tragerea #675,3/11/2010,15,3,1,12,34,22
Tragerea #676,3/25/2010,30,8,17,29,11,23
Tragerea #677,4/4/2010,25,7,16,1,2,14
Tragerea #678,4/11/2010,3,29,6,34,18,24
Tragerea #679,4/18/2010,3,11,30,5,38,19
Tragerea #680,4/25/2010,12,15,25,14,5,11
Tragerea #681,5/2/2010,24,10,6,1,2,33
Tragerea #682,5/9/2010,17,39,20,23,4,27
Tragerea #683,5/16/2010,26,13,25,21,7,34
Tragerea #684,5/23/2010,36,27,32,8,28,25
Tragerea #685,5/30/2010,19,11,6,13,27,22
Tragerea #686,6/6/2010,34,29,10,19,23,1
Tragerea #687,6/13/2010,30,13,5,38,20,14
Tragerea #688,6/20/2010,13,21,2,11,26,38
Tragerea #689,6/27/2010,38,29,37,36,15,33
Tragerea #690,7/4/2010,13,19,25,10,4,2
Tragerea #691,7/11/2010,3,17,31,39,28,24
Tragerea #692,7/18/2010,27,3,10,22,19,9
Tragerea #693,7/25/2010,22,11,33,8,1,20
Tragerea #694,8/1/2010,35,39,21,19,40,6
Tragerea #695,8/8/2010,33,8,12,23,22,32
Tragerea #696,8/15/2010,15,10,24,40,1,32
Tragerea #697,8/22/2010,12,33,32,37,16,11
Tragerea #698,8/29/2010,20,36,12,32,24,30
Tragerea #699,9/5/2010,37,21,12,34,27,32
Tragerea #700,9/12/2010,9,33,5,14,40,16
Tragerea #701,9/19/2010,12,27,1,18,20,30
Tragerea #702,9/26/2010,28,34,7,38,4,11
Tragerea #703,10/3/2010,4,13,18,9,37,26
Tragerea #704,10/10/2010,20,6,35,17,10,28
Tragerea #705,10/17/2010,21,40,11,5,22,18
Tragerea #706,10/24/2010,23,29,9,22,10,3
Tragerea #707,10/31/2010,39,8,34,6,38,23
Tragerea #708,11/7/2010,29,5,8,1,24,38
Tragerea #709,11/14/2010,38,20,22,29,25,17
Tragerea #710,11/21/2010,30,35,22,29,13,36
Tragerea #711,11/28/2010,24,36,9,29,32,13
Tragerea #712,12/5/2010,12,20,17,18,2,30
Tragerea #713,12/12/2010,38,21,28,32,1,5
Tragerea #714,12/19/2010,21,20,23,17,18,38
Tragerea #715,12/30/2010,6,11,28,2,39,14
Tragerea #716,1/9/2011,2,31,19,26,5,10
Tragerea #717,1/16/2011,34,1,40,35,30,16
Tragerea #718,1/23/2011,37,19,30,12,26,9
Tragerea #719,1/30/2011,40,1,18,33,9,26
Tragerea #720,2/6/2011,16,38,23,34,15,4
Tragerea #721,2/13/2011,6,35,24,9,14,34
Tragerea #722,2/20/2011,40,14,34,24,26,21
Tragerea #723,2/27/2011,28,1,27,8,30,33
Tragerea #724,3/6/2011,25,2,21,35,38,22
Tragerea #725,3/13/2011,28,7,8,32,23,38
Tragerea #726,3/20/2011,30,33,18,39,27,8
Tragerea #727,3/27/2011,29,38,31,30,39,25
Tragerea #728,4/3/2011,36,33,32,18,29,12
Tragerea #729,4/10/2011,6,11,29,4,9,10
Tragerea #730,4/17/2011,3,32,25,27,10,8
Tragerea #731,4/24/2011,20,23,14,12,33,26
Tragerea #732,5/1/2011,22,31,10,15,4,9
Tragerea #733,5/8/2011,3,21,6,38,25,16
Tragerea #734,5/15/2011,17,11,40,15,1,28
Tragerea #735,5/22/2011,20,28,32,39,30,7
Tragerea #736,5/29/2011,6,22,17,12,38,30
Tragerea #737,6/5/2011,40,35,34,5,18,1
Tragerea #738,6/12/2011,9,1,33,4,23,18
Tragerea #739,6/19/2011,23,33,13,6,11,7
Tragerea #740,6/26/2011,8,33,31,29,15,39
Tragerea #741,7/3/2011,37,38,17,12,32,14
Tragerea #742,7/10/2011,12,5,20,33,34,26
Tragerea #743,7/17/2011,13,17,29,18,24,36
Tragerea #744,7/24/2011,35,17,2,25,9,36
Tragerea #745,7/31/2011,39,35,11,8,12,3
Tragerea #746,8/7/2011,36,28,8,35,19,18
Tragerea #747,8/14/2011,17,9,19,16,25,28
Tragerea #748,8/21/2011,25,7,33,18,24,9
Tragerea #749,8/28/2011,18,36,13,6,30,11
Tragerea #750,9/4/2011,17,38,30,13,24,26
Tragerea #751,9/11/2011,22,21,13,10,7,4
Tragerea #752,9/18/2011,7,39,37,31,28,3
Tragerea #753,9/25/2011,11,33,27,7,32,1
Tragerea #754,10/2/2011,7,17,3,2,12,21
Tragerea #755,10/9/2011,34,37,28,17,25,22
Tragerea #756,10/16/2011,24,14,38,12,25,21
Tragerea #757,10/23/2011,21,28,20,6,26,3
Tragerea #758,10/30/2011,35,24,33,10,13,12
Tragerea #759,11/6/2011,27,28,9,4,21,3
Tragerea #760,11/13/2011,24,5,16,23,38,22
Tragerea #761,11/20/2011,8,20,2,17,3,24
Tragerea #762,11/27/2011,17,37,23,5,19,34
Tragerea #763,12/4/2011,35,15,19,28,4,31
Tragerea #764,12/11/2011,27,23,12,18,1,37
Tragerea #765,12/18/2011,23,19,16,17,34,10
Tragerea #766,12/30/2011,31,1,7,16,17,15
Tragerea #767,1/5/2012,19,21,16,3,35,17
Tragerea #768,1/12/2012,4,5,13,24,16,25
Tragerea #769,1/19/2012,35,28,21,24,13,12
Tragerea #770,1/26/2012,4,2,17,8,40,26
Tragerea #771,2/2/2012,14,33,18,25,19,4
Tragerea #772,2/9/2012,18,19,15,10,21,9
Tragerea #773,2/16/2012,27,16,4,15,19,11
Tragerea #774,2/23/2012,28,5,27,12,14,13
Tragerea #775,3/1/2012,30,14,19,32,2,23
Tragerea #776,3/8/2012,39,38,15,34,33,26
Tragerea #777,3/15/2012,32,38,25,39,6,29
Tragerea #778,3/22/2012,18,8,3,21,6,12
Tragerea #779,3/29/2012,38,36,7,4,40,39
Tragerea #780,4/5/2012,13,4,5,6,27,16
Tragerea #781,4/15/2012,25,7,39,38,4,21
Tragerea #782,4/19/2012,38,25,36,18,6,28
Tragerea #783,4/26/2012,40,19,36,3,25,33
Tragerea #784,5/3/2012,31,27,19,12,38,13
Tragerea #785,5/10/2012,15,24,10,5,23,20
Tragerea #786,5/17/2012,20,22,38,17,28,35
Tragerea #787,5/24/2012,21,14,34,7,19,18
Tragerea #788,5/31/2012,29,21,40,3,32,8
Tragerea #789,6/7/2012,20,23,29,12,34,10
Tragerea #790,6/14/2012,3,26,30,33,35,11
Tragerea #791,6/21/2012,31,28,8,30,11,37
Tragerea #792,6/28/2012,29,38,10,4,9,25
Tragerea #793,7/5/2012,10,5,32,15,12,4
Tragerea #794,7/12/2012,4,1,24,13,5,9
Tragerea #795,7/19/2012,7,10,16,6,11,34
Tragerea #796,7/26/2012,14,22,27,40,31,8
Tragerea #797,8/2/2012,39,11,20,3,16,40
Tragerea #798,8/9/2012,11,15,26,18,28,3
Tragerea #799,8/16/2012,17,4,2,35,36,31
Tragerea #800,8/23/2012,16,27,1,6,25,38
Tragerea #801,8/30/2012,13,19,7,21,37,12
Tragerea #802,9/6/2012,1,22,31,24,16,14
Tragerea #803,9/16/2012,23,25,4,7,39,31
Tragerea #804,9/20/2012,9,2,13,16,36,6
Tragerea #805,9/27/2012,16,22,15,18,10,14
Tragerea #806,10/4/2012,33,36,21,8,3,2
Tragerea #807,10/11/2012,21,34,24,28,40,32
Tragerea #808,10/18/2012,32,28,30,36,16,9
Tragerea #809,10/25/2012,11,25,24,39,13,32
Tragerea #810,11/1/2012,6,1,28,30,11,26
Tragerea #811,11/8/2012,37,12,16,38,34,35
Tragerea #812,11/15/2012,38,17,40,31,37,36
Tragerea #813,11/22/2012,36,20,1,6,22,24
Tragerea #814,11/29/2012,39,23,7,6,3,4
Tragerea #815,12/6/2012,22,25,15,9,13,30
Tragerea #816,12/13/2012,2,12,11,34,1,10
Tragerea #817,12/20/2012,7,27,20,28,12,22
Tragerea #818,12/30/2012,35,3,27,14,5,34
Tragerea #819,1/6/2013,28,4,10,29,21,16
Tragerea #820,1/13/2013,28,9,32,12,5,6
Tragerea #821,1/20/2013,15,11,12,39,22,23
Tragerea #822,1/27/2013,25,23,39,16,18,40
Tragerea #823,2/3/2013,12,2,23,18,4,39
Tragerea #824,2/10/2013,24,8,19,31,6,36
Tragerea #825,2/17/2013,37,18,11,38,16,20
Tragerea #826,2/24/2013,10,30,37,33,20,27
Tragerea #827,3/3/2013,23,16,36,29,9,12
Tragerea #828,3/10/2013,38,18,40,24,9,19
Tragerea #829,3/17/2013,29,25,39,18,28,27
Tragerea #830,3/24/2013,34,13,37,1,25,33
Tragerea #831,3/31/2013,1,36,14,4,21,5
Tragerea #832,4/7/2013,31,36,27,8,30,13
Tragerea #833,4/14/2013,33,12,27,25,34,28
Tragerea #834,4/21/2013,2,34,28,11,17,32
Tragerea #835,4/28/2013,40,20,19,32,36,39
Tragerea #836,5/5/2013,3,27,34,31,36,30
Tragerea #837,5/12/2013,8,23,24,31,38,7
Tragerea #838,5/19/2013,12,19,38,16,33,2
Tragerea #839,5/26/2013,32,8,4,18,20,27
Tragerea #840,6/2/2013,10,16,12,39,6,33
Tragerea #841,6/9/2013,12,10,16,27,33,29
Tragerea #842,6/16/2013,37,34,30,13,8,15
Tragerea #843,6/23/2013,28,13,7,30,38,21
Tragerea #844,6/30/2013,15,17,24,30,31,23
Tragerea #845,7/7/2013,25,33,19,40,17,14
Tragerea #846,7/14/2013,32,25,23,10,3,36
Tragerea #847,7/21/2013,22,4,26,23,2,7
Tragerea #848,7/28/2013,17,19,15,10,29,18
Tragerea #849,8/4/2013,22,2,7,37,18,32
Tragerea #850,8/11/2013,1,25,22,11,6,15
Tragerea #851,8/18/2013,33,13,20,11,32,19
Tragerea #852,8/25/2013,7,17,25,19,26,16
Tragerea #853,9/1/2013,18,38,27,13,29,4
Tragerea #854,9/8/2013,23,3,35,33,4,31
Tragerea #855,9/15/2013,14,7,40,37,28,3
Tragerea #856,9/22/2013,28,37,16,40,10,9
Tragerea #857,9/29/2013,10,31,2,23,13,21
Tragerea #858,10/6/2013,37,11,30,14,4,19
Tragerea #859,10/13/2013,2,16,31,24,22,30
Tragerea #860,10/20/2013,6,20,38,13,3,25
Tragerea #861,10/27/2013,38,20,24,17,6,33
Tragerea #862,11/3/2013,11,5,10,36,2,16
Tragerea #863,11/10/2013,25,32,38,2,16,18
Tragerea #864,11/17/2013,3,10,38,34,20,35
Tragerea #865,11/24/2013,15,8,10,36,16,31
Tragerea #866,12/1/2013,38,24,6,22,4,30
Tragerea #867,12/8/2013,6,11,20,24,14,15
Tragerea #868,12/15/2013,31,9,14,18,4,38
Tragerea #869,12/22/2013,20,2,32,31,38,10
Tragerea #870,12/30/2013,4,18,25,16,40,8
Tragerea #871,1/9/2014,29,31,36,5,8,22
Tragerea #872,1/16/2014,24,2,23,19,27,35
Tragerea #873,1/23/2014,30,40,16,7,22,27
Tragerea #874,1/30/2014,25,22,36,5,7,24
Tragerea #875,2/6/2014,18,8,9,5,31,16
Tragerea #876,2/13/2014,26,21,27,34,18,38
Tragerea #877,2/20/2014,26,24,38,31,9,25
Tragerea #878,2/27/2014,3,36,6,38,1,15
Tragerea #879,3/6/2014,24,39,34,5,38,1
Tragerea #880,3/13/2014,24,17,3,36,9,21
Tragerea #881,3/20/2014,26,20,7,22,40,21
Tragerea #882,3/27/2014,33,18,1,5,29,26
Tragerea #883,4/3/2014,16,12,31,36,1,22
Tragerea #884,4/10/2014,31,1,33,14,40,39
Tragerea #885,4/20/2014,23,16,5,4,31,9
Tragerea #886,4/24/2014,18,3,14,28,15,32
Tragerea #887,5/1/2014,5,9,2,23,12,40
Tragerea #888,5/8/2014,2,35,26,19,23,33
Tragerea #889,5/15/2014,8,36,7,24,15,14
Tragerea #890,5/22/2014,7,15,29,6,12,34
Tragerea #891,5/29/2014,25,21,20,22,16,40
Tragerea #892,6/5/2014,28,16,7,18,1,4
Tragerea #893,6/12/2014,9,20,8,19,16,18
Tragerea #894,6/19/2014,11,22,35,10,7,16
Tragerea #895,6/26/2014,18,28,10,26,32,38
Tragerea #896,7/3/2014,30,18,1,31,11,9
Tragerea #897,7/10/2014,10,22,1,39,3,28
Tragerea #898,7/17/2014,4,24,7,3,19,21
Tragerea #899,7/24/2014,37,11,5,15,2,13
Tragerea #900,7/31/2014,15,31,4,22,8,3
Tragerea #901,8/7/2014,11,16,23,36,33,30
Tragerea #902,8/14/2014,15,17,38,16,22,33
Tragerea #903,8/21/2014,4,16,9,35,34,18
Tragerea #904,8/28/2014,18,19,1,9,14,29
Tragerea #905,9/4/2014,34,2,29,9,3,6
Tragerea #906,9/14/2014,6,23,37,31,2,4
Tragerea #907,9/18/2014,12,33,10,23,13,6
Tragerea #908,9/25/2014,15,22,14,4,33,10
Tragerea #909,10/2/2014,30,16,32,5,36,14
Tragerea #910,10/9/2014,13,11,10,23,32,2
Tragerea #911,10/16/2014,20,37,28,36,27,31
Tragerea #912,10/23/2014,20,30,9,33,36,13
Tragerea #913,10/30/2014,31,40,27,35,28,25
Tragerea #914,11/6/2014,18,1,9,24,4,37
Tragerea #915,11/13/2014,16,38,22,23,30,24
Tragerea #916,11/20/2014,1,27,11,36,33,15
Tragerea #917,11/27/2014,32,37,19,4,36,21
Tragerea #918,12/4/2014,1,26,2,4,40,3
Tragerea #919,12/11/2014,14,40,12,15,37,18
Tragerea #920,12/18/2014,15,19,35,2,28,27
Tragerea #921,12/30/2014,9,11,38,1,21,3
Tragerea #922,1/11/2015,31,1,37,30,16,27
Tragerea #923,1/18/2015,4,34,25,14,36,20
Tragerea #924,1/25/2015,19,9,17,20,15,10
Tragerea #925,2/1/2015,4,37,16,18,26,25
Tragerea #926,2/8/2015,9,13,6,28,37,34
Tragerea #927,2/15/2015,20,5,12,39,27,31
Tragerea #928,2/22/2015,10,23,19,26,11,33
Tragerea #929,3/1/2015,31,30,8,25,4,29
Tragerea #930,3/5/2015,19,4,35,22,34,15
Tragerea #931,3/12/2015,14,3,13,34,7,39
Tragerea #932,3/19/2015,24,10,21,23,30,14
Tragerea #933,3/26/2015,29,39,20,26,30,9
Tragerea #934,4/2/2015,4,16,10,30,37,32
Tragerea #935,4/9/2015,37,16,22,8,13,10
Tragerea #936,4/16/2015,38,11,16,15,31,21
Tragerea #937,4/23/2015,32,7,11,15,18,29
Tragerea #938,4/30/2015,39,11,15,33,24,18
Tragerea #939,5/7/2015,19,23,36,34,32,11
Tragerea #940,5/14/2015,22,16,35,13,3,5
Tragerea #941,5/21/2015,15,40,34,21,24,3
Tragerea #942,5/28/2015,13,25,26,11,1,31
Tragerea #943,6/4/2015,9,35,16,20,5,33
Tragerea #944,6/11/2015,14,5,22,15,26,34
Tragerea #945,6/18/2015,8,24,30,7,1,31
Tragerea #946,6/25/2015,16,4,23,21,36,28
Tragerea #947,7/2/2015,8,26,7,25,36,23
Tragerea #948,7/9/2015,36,17,39,2,18,30
Tragerea #949,7/16/2015,26,35,27,4,17,23
Tragerea #950,7/23/2015,14,4,8,40,20,2
Tragerea #951,7/30/2015,14,2,4,39,12,15
Tragerea #952,8/6/2015,26,19,7,29,27,14
Tragerea #953,8/13/2015,34,3,37,19,16,1
Tragerea #954,8/20/2015,33,7,26,27,24,18
Tragerea #955,8/27/2015,26,22,5,12,24,16
Tragerea #956,9/3/2015,27,2,9,15,3,4
Tragerea #957,9/13/2015,7,24,22,32,38,26
Tragerea #958,9/17/2015,25,11,37,34,4,38
Tragerea #959,9/24/2015,39,25,4,20,30,14
Tragerea #960,10/1/2015,11,8,2,9,20,14
Tragerea #961,10/8/2015,37,7,9,25,40,22
Tragerea #962,10/15/2015,1,21,35,9,2,28
Tragerea #963,10/22/2015,9,27,28,5,35,17
Tragerea #964,10/29/2015,7,6,9,21,1,10
Tragerea #965,11/5/2015,35,22,26,12,34,36
Tragerea #966,11/12/2015,5,39,19,22,13,23
Tragerea #967,11/19/2015,19,6,16,31,34,4
Tragerea #968,11/26/2015,25,20,15,40,33,16
Tragerea #969,12/3/2015,33,5,16,4,24,18
Tragerea #970,12/10/2015,23,34,20,39,28,11
Tragerea #971,12/17/2015,9,6,22,38,25,36
Tragerea #972,12/30/2015,23,28,36,1,14,33
Tragerea #973,1/7/2016,10,29,9,28,16,14
Tragerea #974,1/14/2016,4,30,7,5,25,22
Tragerea #975,1/21/2016,5,7,39,32,23,30
Tragerea #976,1/28/2016,4,24,31,34,22,37
Tragerea #977,2/4/2016,15,29,8,36,7,11
Tragerea #978,2/11/2016,39,9,3,17,38,30
Tragerea #979,2/18/2016,24,20,30,2,36,18
Tragerea #980,2/25/2016,27,38,26,23,25,18
Tragerea #981,3/3/2016,15,19,31,2,17,12
Tragerea #982,3/6/2016,28,40,35,9,26,10
Tragerea #983,3/13/2016,10,32,6,19,24,15
Tragerea #984,3/20/2016,6,22,3,27,13,17
Tragerea #985,3/27/2016,1,9,4,10,16,37
Tragerea #986,4/3/2016,16,3,38,27,5,11
Tragerea #987,4/10/2016,27,21,36,39,5,10
Tragerea #988,4/17/2016,22,11,9,37,32,2
Tragerea #989,4/24/2016,38,27,26,14,16,1
Tragerea #990,5/1/2016,37,29,19,38,28,4
Tragerea #991,5/8/2016,9,33,20,12,11,36
Tragerea #992,5/15/2016,32,5,3,1,2,36
Tragerea #993,5/22/2016,16,14,4,18,31,32
Tragerea #994,5/29/2016,39,26,6,25,38,19
Tragerea #995,6/5/2016,39,38,25,22,36,10
Tragerea #996,6/12/2016,16,8,28,29,30,34
Tragerea #997,6/19/2016,32,36,17,10,5,16
Tragerea #998,6/26/2016,13,26,11,4,15,21
Tragerea #999,7/3/2016,26,22,31,14,28,30
Tragerea #1000,7/10/2016,5,31,21,9,34,26
Tragerea #1001,7/17/2016,39,20,29,25,34,32
Tragerea #1002,7/24/2016,12,25,16,4,23,6
Tragerea #1003,7/31/2016,11,1,25,10,20,13
Tragerea #1004,8/7/2016,31,5,37,40,25,30
Tragerea #1005,8/14/2016,10,33,12,26,34,15
Tragerea #1006,8/21/2016,18,23,19,5,7,25
Tragerea #1007,8/28/2016,34,32,14,31,22,7
Tragerea #1008,9/4/2016,31,35,33,38,20,23
Tragerea #1009,9/11/2016,19,30,2,36,27,16
Tragerea #1010,9/18/2016,6,25,3,38,5,4
Tragerea #1011,9/22/2016,38,12,26,19,35,4
Tragerea #1012,9/29/2016,40,39,16,24,23,17
Tragerea #1013,10/6/2016,21,30,38,25,24,2
Tragerea #1014,10/13/2016,40,9,11,18,16,39
Tragerea #1015,10/20/2016,14,30,7,2,8,33
Tragerea #1016,10/27/2016,24,20,22,39,17,4
Tragerea #1017,11/3/2016,15,34,25,17,2,11
Tragerea #1018,11/10/2016,26,13,38,29,15,8
Tragerea #1019,11/17/2016,32,3,20,17,36,23
Tragerea #1020,11/24/2016,37,19,20,36,33,16
Tragerea #1021,12/4/2016,30,36,23,31,28,2
Tragerea #1022,12/11/2016,19,27,21,35,29,22
Tragerea #1023,12/18/2016,20,37,30,26,15,35
Tragerea #1024,12/31/2016,17,21,6,4,37,3
Tragerea #1025,1/5/2017,13,34,31,3,17,5
Tragerea #1026,1/12/2017,17,29,25,24,16,13
Tragerea #1027,1/19/2017,21,22,25,24,33,27
Tragerea #1028,1/26/2017,15,38,4,27,11,32
Tragerea #1029,2/2/2017,14,20,8,33,6,27
Tragerea #1030,2/9/2017,33,30,7,22,26,12
Tragerea #1031,2/16/2017,3,22,4,20,1,26
Tragerea #1032,2/23/2017,39,14,27,33,37,30
Tragerea #1033,3/2/2017,9,27,15,17,5,25
Tragerea #1034,3/5/2017,32,26,36,5,22,4
Tragerea #1035,3/12/2017,31,21,2,8,35,14
Tragerea #1036,3/19/2017,38,12,28,2,9,40
Tragerea #1037,3/26/2017,23,11,9,2,21,29
Tragerea #1038,4/2/2017,7,4,6,24,36,12
Tragerea #1039,4/9/2017,7,5,27,29,38,12
Tragerea #1040,4/16/2017,35,19,20,3,10,29
Tragerea #1041,4/23/2017,6,40,34,35,19,28
Tragerea #1042,4/30/2017,10,5,39,13,35,14
Tragerea #1043,5/7/2017,22,3,24,35,29,7
Tragerea #1044,5/14/2017,25,10,24,19,7,38
Tragerea #1045,5/21/2017,24,30,12,10,37,7
Tragerea #1046,5/28/2017,3,8,28,31,25,38
Tragerea #1047,6/4/2017,25,21,12,29,7,13
Tragerea #1048,6/11/2017,36,13,3,35,17,11
Tragerea #1049,6/18/2017,23,21,3,40,34,15
Tragerea #1050,6/25/2017,21,26,29,12,13,3
Tragerea #1051,7/2/2017,36,27,1,15,33,22
Tragerea #1052,7/9/2017,19,8,1,21,32,17
Tragerea #1053,7/16/2017,27,22,13,10,4,1
Tragerea #1054,7/23/2017,5,39,15,12,20,6
Tragerea #1055,7/30/2017,25,39,26,28,34,2
Tragerea #1056,8/6/2017,8,38,1,25,33,20
Tragerea #1057,8/13/2017,19,39,25,17,35,23
Tragerea #1058,8/17/2017,21,6,24,22,10,30
Tragerea #1059,8/24/2017,2,22,27,12,8,25
Tragerea #1060,8/31/2017,39,6,26,29,5,13
Tragerea #1061,9/7/2017,38,13,8,37,3,31
Tragerea #1062,9/17/2017,37,33,18,13,25,20
Tragerea #1063,9/21/2017,14,2,38,35,17,28
Tragerea #1064,9/28/2017,24,2,32,6,19,30
Tragerea #1065,10/5/2017,24,30,36,3,34,9
Tragerea #1066,10/12/2017,31,32,6,35,29,18
Tragerea #1067,10/19/2017,2,8,12,24,34,29
Tragerea #1068,10/26/2017,25,34,4,37,35,3
Tragerea #1069,11/2/2017,27,30,35,40,38,17
Tragerea #1070,11/9/2017,27,13,10,3,39,5
Tragerea #1071,11/16/2017,40,22,3,18,19,36
Tragerea #1072,11/23/2017,25,23,38,37,27,16
Tragerea #1073,11/30/2017,4,21,31,40,19,29
Tragerea #1074,12/7/2017,40,29,7,37,20,33
Tragerea #1075,12/14/2017,10,26,11,40,16,15
Tragerea #1076,12/21/2017,21,6,35,31,24,9
Tragerea #1077,12/31/2017,17,28,20,37,24,23
Tragerea #1078,1/4/2018,3,36,6,20,2,24
Tragerea #1079,1/11/2018,39,11,14,20,9,23
Tragerea #1080,1/18/2018,24,12,33,27,6,32
Tragerea #1081,1/25/2018,8,14,2,17,10,1
Tragerea #1082,2/1/2018,2,25,20,1,40,35
Tragerea #1083,2/8/2018,8,31,38,24,34,27
Tragerea #1084,2/15/2018,17,29,8,10,14,6
Tragerea #1085,2/22/2018,15,21,1,34,6,7
Tragerea #1086,3/1/2018,35,20,4,12,24,7
Tragerea #1087,3/4/2018,7,4,3,37,1,22
Tragerea #1088,3/11/2018,16,36,4,20,34,21
Tragerea #1089,3/18/2018,5,25,28,37,23,36
Tragerea #1090,3/25/2018,31,1,17,8,7,3
Tragerea #1091,4/1/2018,36,2,20,5,25,27
Tragerea #1092,4/8/2018,38,37,13,35,14,40
Tragerea #1093,4/15/2018,21,13,27,37,36,32
Tragerea #1094,4/22/2018,20,21,9,6,15,14
Tragerea #1095,4/29/2018,19,39,25,22,31,10
Tragerea #1096,5/6/2018,35,4,28,11,19,15
Tragerea #1097,5/13/2018,22,35,23,10,39,8
Tragerea #1098,5/20/2018,7,32,25,18,20,30
Tragerea #1099,5/27/2018,39,19,11,30,15,26
Tragerea #1100,6/3/2018,2,8,23,6,31,39
Tragerea #1101,6/10/2018,36,28,2,20,16,32
Tragerea #1102,6/17/2018,14,4,22,13,15,38
Tragerea #1103,6/24/2018,37,14,36,3,30,25
Tragerea #1104,7/1/2018,20,17,16,15,8,3
Tragerea #1105,7/8/2018,35,40,37,21,11,3
Tragerea #1106,7/15/2018,29,34,16,21,14,8
Tragerea #1107,7/22/2018,1,2,26,14,13,24
Tragerea #1108,7/29/2018,18,14,2,16,21,7
Tragerea #1109,8/5/2018,22,6,15,10,1,18
Tragerea #1110,8/12/2018,14,6,16,17,8,30
Tragerea #1111,8/19/2018,9,17,31,36,4,25
Tragerea #1112,8/26/2018,1,10,12,13,35,36
Tragerea #1113,9/2/2018,18,17,15,37,36,6
Tragerea #1114,9/9/2018,26,31,20,13,37,9
Tragerea #1115,9/16/2018,1,19,4,31,23,26
Tragerea #1116,9/20/2018,36,38,32,30,6,21
Tragerea #1117,9/27/2018,6,16,8,30,18,33
Tragerea #1118,10/4/2018,30,26,12,24,25,14
Tragerea #1119,10/11/2018,20,22,16,1,6,33
Tragerea #1120,10/18/2018,6,14,17,23,20,31
Tragerea #1121,10/21/2018,26,8,6,33,31,11
Tragerea #1122,10/28/2018,1,26,12,23,22,6
Tragerea #1123,11/4/2018,22,30,9,25,34,10
Tragerea #1124,11/11/2018,11,32,28,33,26,36
Tragerea #1125,11/18/2018,30,28,12,14,37,3
Tragerea #1126,11/22/2018,3,5,38,19,4,2
Tragerea #1127,11/29/2018,11,39,10,14,36,1
Tragerea #1128,12/2/2018,35,11,7,37,9,32
Tragerea #1129,12/9/2018,14,2,15,13,36,4
Tragerea #1130,12/16/2018,4,30,33,19,28,2
Tragerea #1131,12/23/2018,20,3,33,4,24,2
Tragerea #1132,1/6/2019,38,29,39,18,8,2
Tragerea #1133,1/13/2019,8,30,7,20,29,24
Tragerea #1134,1/20/2019,31,11,13,1,19,8
Tragerea #1135,1/27/2019,18,22,17,38,40,1
Tragerea #1136,2/3/2019,21,1,27,20,8,40
Tragerea #1137,2/10/2019,8,2,21,32,12,10
Tragerea #1138,2/17/2019,31,25,3,9,39,24
Tragerea #1139,2/24/2019,30,4,16,13,37,7
Tragerea #1140,3/3/2019,34,2,23,3,13,29
Tragerea #1141,3/10/2019,29,14,31,12,16,34
Tragerea #1142,3/17/2019,23,16,18,3,27,37
Tragerea #1143,3/24/2019,20,16,7,37,36,2
Tragerea #1144,3/31/2019,33,30,36,18,37,22
Tragerea #1145,4/7/2019,37,19,34,29,21,22
Tragerea #1146,4/14/2019,23,24,33,25,26,39
Tragerea #1147,4/21/2019,4,26,33,34,32,14
Tragerea #1148,4/27/2019,14,29,35,3,32,18
Tragerea #1149,5/5/2019,15,8,21,35,17,33
Tragerea #1150,5/12/2019,19,39,11,4,21,18
Tragerea #1151,5/19/2019,22,2,25,5,31,12
Tragerea #1152,5/26/2019,11,37,24,6,40,15
Tragerea #1153,6/2/2019,11,18,40,17,22,37
Tragerea #1154,6/9/2019,24,11,6,33,29,27
Tragerea #1155,6/16/2019,37,4,22,11,31,9
Tragerea #1156,6/23/2019,4,26,32,15,39,19
Tragerea #1157,6/30/2019,39,12,6,28,7,40
Tragerea #1158,7/7/2019,26,30,34,29,23,17
Tragerea #1159,7/14/2019,31,27,30,34,19,35
Tragerea #1160,7/21/2019,18,39,36,1,29,40
Tragerea #1161,7/28/2019,36,12,18,33,24,3
Tragerea #1162,8/4/2019,36,10,5,40,20,6
Tragerea #1163,8/11/2019,26,32,35,22,40,38
Tragerea #1164,8/18/2019,8,30,27,34,13,3
Tragerea #1165,8/25/2019,18,29,21,35,36,2
Tragerea #1166,9/1/2019,32,37,18,30,27,40
Tragerea #1167,9/8/2019,4,7,3,17,5,40
Tragerea #1168,9/15/2019,20,14,16,36,11,13
Tragerea #1169,9/19/2019,5,12,34,31,37,28
Tragerea #1170,9/26/2019,28,5,21,25,20,37
Tragerea #1171,10/3/2019,9,7,14,17,40,4
Tragerea #1172,10/10/2019,5,6,12,32,30,14
Tragerea #1173,10/17/2019,3,7,36,33,34,12
Tragerea #1174,10/24/2019,1,14,24,12,23,16
Tragerea #1175,10/31/2019,14,32,20,4,34,23
Tragerea #1176,11/7/2019,1,17,24,12,10,21
Tragerea #1177,11/14/2019,33,28,6,37,1,40
Tragerea #1178,11/21/2019,4,38,19,25,11,12
Tragerea #1179,11/28/2019,38,24,37,34,39,7
Tragerea #1180,12/1/2019,15,24,3,39,33,5
Tragerea #1181,12/8/2019,5,31,20,34,15,3
Tragerea #1182,12/15/2019,10,5,12,26,34,27
Tragerea #1183,12/22/2019,2,12,5,38,4,21
Tragerea #1184,12/31/2019,10,29,23,33,30,1
Tragerea #1185,1/9/2020,3,9,5,10,33,15
Tragerea #1186,1/16/2020,33,9,12,32,6,27
Tragerea #1187,1/23/2020,40,8,2,28,14,34
Tragerea #1188,1/30/2020,10,32,9,34,7,1
Tragerea #1189,2/6/2020,2,29,34,25,40,17
Tragerea #1190,2/13/2020,6,15,38,5,13,27
Tragerea #1191,2/20/2020,4,31,17,23,37,1
Tragerea #1192,2/27/2020,28,33,8,38,39,14
Tragerea #1193,3/5/2020,35,38,3,2,21,13
Tragerea #1194,3/8/2020,5,1,33,29,20,13
Tragerea #1195,3/15/2020,30,2,26,20,28,7
Tragerea #1196,6/21/2020,33,8,20,14,22,2
Tragerea #1197,6/28/2020,36,10,25,5,38,39
Tragerea #1198,7/5/2020,23,2,30,14,9,28
Tragerea #1199,7/12/2020,8,17,5,38,32,9
Tragerea #1200,7/19/2020,4,23,9,1,16,34
Tragerea #1201,7/26/2020,21,11,34,36,3,18
Tragerea #1202,8/2/2020,2,25,13,28,8,30
Tragerea #1203,8/9/2020,24,31,3,26,16,20
Tragerea #1204,8/16/2020,37,21,34,10,28,38
Tragerea #1205,8/23/2020,24,21,28,33,8,16
Tragerea #1206,8/30/2020,28,6,29,15,21,31
Tragerea #1207,9/6/2020,26,30,18,36,25,5
Tragerea #1208,9/13/2020,14,19,10,37,21,40
Tragerea #1209,9/20/2020,25,3,38,14,27,33
Tragerea #1210,9/27/2020,39,25,12,14,28,1
Tragerea #1211,10/4/2020,25,15,28,11,32,21
Tragerea #1212,10/11/2020,18,12,20,30,24,26
Tragerea #1213,10/18/2020,36,20,37,17,26,10
Tragerea #1214,10/25/2020,6,1,18,29,15,3
Tragerea #1215,11/1/2020,38,29,40,36,8,2
Tragerea #1216,11/8/2020,23,11,18,3,27,22
Tragerea #1217,11/15/2020,38,17,3,33,40,11
Tragerea #1218,11/22/2020,20,5,13,12,18,15
Tragerea #1219,11/29/2020,12,23,10,19,13,30
Tragerea #1220,12/6/2020,21,3,20,9,16,28
Tragerea #1221,12/10/2020,32,34,9,23,6,38
Tragerea #1222,12/17/2020,26,16,9,3,23,33
Tragerea #1223,12/24/2020,40,27,25,28,3,6
Tragerea #1224,12/31/2020,19,36,30,4,28,26
Tragerea #1225,1/7/2021,12,11,33,36,7,35
Tragerea #1226,1/14/2021,34,14,1,10,2,20
Tragerea #1227,1/21/2021,4,22,5,40,9,21
Tragerea #1228,1/28/2021,3,20,28,24,37,31
Tragerea #1229,2/4/2021,8,14,39,33,5,36
Tragerea #1230,2/11/2021,25,6,16,34,33,40
Tragerea #1231,2/18/2021,25,28,6,13,34,17
Tragerea #1232,2/25/2021,32,30,18,19,4,11
Tragerea #1233,3/4/2021,1,15,28,6,36,30
Tragerea #1234,3/7/2021,34,27,33,18,5,16
Tragerea #1235,3/14/2021,13,31,30,9,38,18
Tragerea #1236,3/21/2021,18,39,25,19,24,27
Tragerea #1237,3/28/2021,35,12,19,23,7,16
Tragerea #1238,4/4/2021,25,18,40,36,24,31
Tragerea #1239,4/11/2021,34,38,35,31,16,5
Tragerea #1240,4/18/2021,23,22,3,14,19,20
Tragerea #1241,4/25/2021,19,7,38,34,15,11
Tragerea #1242,5/1/2021,23,20,18,30,26,40
Tragerea #1243,5/9/2021,34,29,18,21,4,22
Tragerea #1244,5/16/2021,14,5,31,21,7,37
Tragerea #1245,5/23/2021,37,2,28,12,16,5
Tragerea #1246,5/30/2021,9,28,18,15,7,29
Tragerea #1247,6/6/2021,21,4,34,6,27,13
Tragerea #1248,6/13/2021,1,10,36,16,37,19
Tragerea #1249,6/20/2021,19,39,4,26,2,23
Tragerea #1250,6/27/2021,35,10,30,40,25,37
Tragerea #1251,7/4/2021,21,32,16,40,22,3
Tragerea #1252,7/11/2021,11,20,21,3,37,29
Tragerea #1253,7/18/2021,16,7,27,40,23,1
Tragerea #1254,7/25/2021,18,2,24,4,40,1
Tragerea #1255,8/1/2021,36,18,2,29,8,25
Tragerea #1256,8/8/2021,11,35,25,4,27,24
Tragerea #1257,8/15/2021,8,37,12,9,7,4
Tragerea #1258,8/22/2021,28,29,37,33,27,30
Tragerea #1259,8/29/2021,4,18,7,14,37,33
Tragerea #1260,9/5/2021,9,23,38,20,24,18
Tragerea #1261,9/12/2021,2,24,8,29,13,37
Tragerea #1262,9/16/2021,8,14,31,26,19,20
Tragerea #1263,9/23/2021,38,1,9,35,37,22
Tragerea #1264,9/30/2021,28,24,18,33,17,5
Tragerea #1265,10/7/2021,16,15,7,39,36,13
Tragerea #1266,10/14/2021,37,34,7,29,8,18
Tragerea #1267,10/21/2021,39,20,12,34,24,36
Tragerea #1268,10/28/2021,38,11,29,19,24,8
Tragerea #1269,11/4/2021,36,22,5,23,3,19
Tragerea #1270,11/11/2021,39,14,13,20,25,8
Tragerea #1271,11/18/2021,25,6,18,33,3,27
Tragerea #1272,11/25/2021,34,22,6,25,7,19
Tragerea #1273,12/5/2021,31,39,37,29,21,22
Tragerea #1274,12/9/2021,15,35,33,4,38,24
Tragerea #1275,12/16/2021,32,3,6,12,28,17
Tragerea #1276,12/24/2021,9,12,19,1,40,33
Tragerea #1277,12/31/2021,12,21,13,25,1,24
Tragerea #1278,1/9/2022,35,37,3,36,1,4
Tragerea #1279,1/16/2022,8,1,36,17,23,38
Tragerea #1280,1/23/2022,30,4,3,17,18,36
Tragerea #1281,1/30/2022,16,35,15,8,5,25
Tragerea #1282,2/6/2022,1,17,6,40,2,30
Tragerea #1283,2/13/2022,6,15,23,29,1,27
Tragerea #1284,2/20/2022,2,19,28,12,5,34
Tragerea #1285,3/3/2022,25,30,23,37,40,22
Tragerea #1286,3/6/2022,26,35,3,25,7,36
Tragerea #1287,3/13/2022,29,9,16,20,2,22
Tragerea #1288,3/20/2022,26,3,20,5,31,11
Tragerea #1289,3/27/2022,30,27,31,6,24,33
Tragerea #1290,4/3/2022,32,16,20,4,30,35
Tragerea #1291,4/10/2022,2,28,36,14,12,19
Tragerea #1292,4/17/2022,35,19,15,3,6,1
Tragerea #1293,4/23/2022,24,17,30,37,27,28
Tragerea #1294,5/1/2022,2,7,34,10,1,16
Tragerea #1295,5/8/2022,17,23,5,22,10,16
Tragerea #1296,5/15/2022,33,17,4,31,24,26
Tragerea #1297,5/22/2022,22,32,27,19,6,26
Tragerea #1298,5/29/2022,6,26,28,20,12,34
Tragerea #1299,6/5/2022,19,20,30,13,22,1
Tragerea #1300,6/12/2022,12,26,5,7,29,14
Tragerea #1301,6/19/2022,12,7,1,36,22,30
Tragerea #1302,6/26/2022,25,14,32,1,19,37
Tragerea #1303,7/3/2022,33,27,38,3,2,18
Tragerea #1304,7/10/2022,7,24,1,11,8,39
Tragerea #1305,7/17/2022,19,30,10,3,4,34
Tragerea #1306,7/24/2022,18,29,26,38,11,32
Tragerea #1307,7/31/2022,21,1,13,9,28,32
Tragerea #1308,8/7/2022,27,6,10,36,34,9
Tragerea #1309,8/14/2022,30,35,4,17,40,32
Tragerea #1310,8/21/2022,39,3,14,29,24,7
Tragerea #1311,8/28/2022,12,7,1,4,34,8
Tragerea #1312,9/4/2022,7,8,11,19,3,28
Tragerea #1313,9/8/2022,1,34,30,18,14,38
Tragerea #1314,9/11/2022,19,23,6,38,17,11
Tragerea #1315,9/11/2022,10,12,22,35,14,19
Tragerea #1316,9/15/2022,6,26,31,3,11,7
Tragerea #1317,9/18/2022,26,17,39,35,8,25
Tragerea #1318,9/22/2022,33,30,16,21,23,1
Tragerea #1319,9/25/2022,20,18,17,1,29,2
Tragerea #1320,9/29/2022,13,4,34,11,18,25
Tragerea #1321,10/2/2022,26,18,40,20,32,29
Tragerea #1322,10/6/2022,36,40,6,1,30,19
Tragerea #1323,10/9/2022,16,12,23,7,31,38
Tragerea #1324,10/13/2022,2,38,14,5,22,37
Tragerea #1325,10/16/2022,40,36,8,16,23,25
Tragerea #1326,10/20/2022,21,10,20,36,13,24
Tragerea #1327,10/23/2022,9,1,8,6,40,13
Tragerea #1328,10/27/2022,9,37,36,18,32,21
Tragerea #1329,10/30/2022,20,27,36,40,33,35
Tragerea #1330,11/3/2022,1,10,27,17,18,33
Tragerea #1331,11/6/2022,10,24,11,23,27,13
Tragerea #1332,11/10/2022,10,19,15,38,29,31
Tragerea #1333,11/13/2022,34,31,10,37,28,17
Tragerea #1334,11/17/2022,4,36,29,1,35,19
Tragerea #1335,11/20/2022,16,17,33,26,13,15
Tragerea #1336,11/24/2022,30,40,17,14,21,16
Tragerea #1337,11/27/2022,11,36,37,6,28,4
Tragerea #1338,12/4/2022,32,4,10,35,27,25
Tragerea #1339,12/8/2022,34,14,16,13,12,5
Tragerea #1340,12/11/2022,9,16,14,39,5,27
Tragerea #1341,12/15/2022,23,27,8,10,40,29
Tragerea #1342,12/18/2022,29,4,6,24,2,40
Tragerea #1343,12/24/2022,35,33,22,7,24,12
Tragerea #1344,12/31/2022,18,30,9,3,19,24
Tragerea #1345,12/31/2022,20,2,12,1,31,27
Tragerea #1346,1/5/2023,12,23,40,20,10,26
Tragerea #1347,1/8/2023,30,8,3,11,28,14
Tragerea #1348,1/12/2023,16,32,39,23,17,4
Tragerea #1349,1/15/2023,24,15,29,37,28,4
Tragerea #1350,1/19/2023,14,22,20,36,13,37
Tragerea #1351,1/22/2023,31,21,1,26,25,32
Tragerea #1352,1/26/2023,28,8,6,35,4,22
Tragerea #1353,1/29/2023,9,11,38,33,14,17
Tragerea #1354,2/2/2023,17,6,32,27,31,13
Tragerea #1355,2/5/2023,3,2,32,5,39,9
Tragerea #1356,2/9/2023,15,17,23,27,20,40
Tragerea #1357,2/12/2023,35,28,27,9,13,40
Tragerea #1358,2/16/2023,37,9,19,8,31,15
Tragerea #1359,2/19/2023,30,20,13,21,2,39
Tragerea #1360,2/23/2023,26,4,16,11,17,6
Tragerea #1361,2/26/2023,18,32,36,13,7,39
Tragerea #1362,3/2/2023,7,39,26,3,1,35
Tragerea #1363,3/5/2023,9,40,26,22,33,32
Tragerea #1364,3/9/2023,28,14,36,9,24,39
Tragerea #1365,3/12/2023,37,18,29,30,25,26
Tragerea #1366,3/12/2023,2,36,22,6,32,7
Tragerea #1367,3/16/2023,33,37,4,21,10,38
Tragerea #1368,3/19/2023,29,26,31,8,22,25
Tragerea #1369,3/23/2023,21,24,6,11,19,13
Tragerea #1370,3/26/2023,17,24,23,37,22,34
Tragerea #1371,3/30/2023,34,25,3,19,24,26
Tragerea #1372,4/2/2023,21,5,37,16,7,28
Tragerea #1373,4/6/2023,27,29,7,10,2,22
Tragerea #1374,4/9/2023,14,6,2,31,32,19
Tragerea #1375,4/15/2023,6,38,35,25,7,26
Tragerea #1376,4/15/2023,18,22,34,12,14,9
Tragerea #1377,4/20/2023,10,16,28,14,37,1
Tragerea #1378,4/23/2023,7,35,15,17,31,11
Tragerea #1379,4/27/2023,15,35,28,26,29,32
Tragerea #1380,4/30/2023,38,10,9,31,17,11
Tragerea #1381,5/4/2023,31,18,20,27,9,36
Tragerea #1382,5/7/2023,29,15,27,13,32,16
Tragerea #1383,5/11/2023,12,19,15,25,26,22
Tragerea #1384,5/14/2023,32,27,12,26,20,4
Tragerea #1385,5/18/2023,5,29,27,18,30,40
Tragerea #1386,5/21/2023,19,3,15,26,7,6
Tragerea #1387,5/25/2023,27,8,10,16,3,32
Tragerea #1388,5/28/2023,13,4,30,5,29,16
Tragerea #1389,6/1/2023,24,12,40,4,18,7
Tragerea #1390,6/4/2023,8,20,39,24,38,40
Tragerea #1391,6/8/2023,33,12,3,40,21,37
Tragerea #1392,6/11/2023,22,36,29,10,38,8
Tragerea #1393,6/15/2023,28,6,32,12,38,39
Tragerea #1394,6/18/2023,22,40,16,24,3,31
Tragerea #1395,6/22/2023,38,36,23,39,9,35
Tragerea #1396,6/25/2023,33,14,8,31,22,37
Tragerea #1397,6/29/2023,4,12,17,1,6,30
Tragerea #1398,7/2/2023,8,39,23,12,10,38
Tragerea #1399,7/6/2023,16,9,27,38,29,30
Tragerea #1400,7/9/2023,36,14,34,1,24,27
Tragerea #1401,7/13/2023,35,8,12,26,34,22
Tragerea #1402,7/16/2023,33,40,29,15,12,19
Tragerea #1403,7/20/2023,33,24,9,1,40,5
Tragerea #1404,7/23/2023,18,23,27,14,11,30
Tragerea #1405,7/27/2023,35,7,29,37,6,4
Tragerea #1406,7/30/2023,14,36,17,8,9,30
Tragerea #1407,8/3/2023,1,29,19,22,33,31
Tragerea #1408,8/6/2023,28,18,20,2,13,32
Tragerea #1409,8/10/2023,25,32,19,16,6,10
Tragerea #1410,8/13/2023,7,23,11,10,20,33
Tragerea #1411,8/17/2023,8,11,37,23,20,26
Tragerea #1412,8/20/2023,6,26,18,19,4,28
Tragerea #1413,8/24/2023,6,36,28,12,25,29
Tragerea #1414,8/27/2023,8,1,25,34,26,15
Tragerea #1415,8/31/2023,36,17,29,40,15,10
Tragerea #1416,9/3/2023,11,2,3,16,13,40
Tragerea #1417,9/7/2023,24,16,18,3,7,10
Tragerea #1418,9/10/2023,16,35,12,5,32,27
Tragerea #1419,9/14/2023,36,7,38,27,34,16
Tragerea #1420,9/17/2023,13,11,17,32,24,28
Tragerea #1421,9/17/2023,22,33,26,36,10,40
Tragerea #1422,9/21/2023,29,24,27,39,28,16
Tragerea #1423,9/24/2023,29,34,25,26,15,32
Tragerea #1424,9/28/2023,16,10,38,8,2,37
Tragerea #1425,10/1/2023,15,6,9,2,39,36
Tragerea #1426,10/5/2023,3,2,37,30,6,1
Tragerea #1427,10/8/2023,14,3,29,36,2,33
Tragerea #1428,10/12/2023,15,37,8,6,7,19
Tragerea #1429,10/15/2023,12,29,22,40,11,23
Tragerea #1430,10/19/2023,8,38,39,28,5,9
Tragerea #1431,10/22/2023,34,25,14,21,3,20
Tragerea #1432,10/26/2023,18,17,26,2,24,5
Tragerea #1433,10/29/2023,5,10,11,18,25,32
Tragerea #1434,11/2/2023,11,29,26,10,7,23
Tragerea #1435,11/5/2023,2,40,29,33,14,30
Tragerea #1436,11/9/2023,37,32,3,31,24,6
Tragerea #1437,11/12/2023,2,23,34,32,12,28
Tragerea #1438,11/16/2023,19,16,7,3,22,4
Tragerea #1439,11/19/2023,8,35,38,29,21,12
Tragerea #1440,11/23/2023,15,19,7,29,40,26
Tragerea #1441,11/26/2023,32,19,5,31,27,16
Tragerea #1442,12/3/2023,37,27,19,1,25,30
Tragerea #1443,12/3/2023,2,27,11,8,21,18
Tragerea #1444,12/7/2023,22,34,3,15,14,36
Tragerea #1445,12/10/2023,17,35,33,13,3,37
Tragerea #1446,12/14/2023,12,16,35,27,38,39
Tragerea #1447,12/17/2023,22,2,38,10,16,37
Tragerea #1448,12/21/2023,24,11,22,5,16,37
Tragerea #1449,12/24/2023,33,37,40,11,23,19
Tragerea #1450,12/31/2023,40,17,35,20,31,32
Tragerea #1451,12/31/2023,39,27,13,1,3,24
Tragerea #1452,1/4/2024,18,3,5,28,7,4
Tragerea #1453,1/7/2024,36,20,10,4,7,2
Tragerea #1454,1/11/2024,7,10,39,1,26,24
Tragerea #1455,1/14/2024,15,36,3,37,23,27
Tragerea #1456,1/18/2024,9,36,18,21,14,25
Tragerea #1457,1/21/2024,40,21,24,25,38,10
Tragerea #1458,1/25/2024,16,33,23,26,1,12
Tragerea #1459,1/28/2024,34,24,30,33,22,27
Tragerea #1460,2/1/2024,9,32,15,28,5,31
Tragerea #1461,2/4/2024,1,28,37,39,3,29
Tragerea #1462,2/8/2024,18,29,28,35,22,13
Tragerea #1463,2/11/2024,12,15,23,19,24,22
Tragerea #1464,2/15/2024,35,39,4,19,15,9
Tragerea #1465,2/18/2024,4,27,3,28,18,30
Tragerea #1466,2/22/2024,37,6,21,2,36,15
Tragerea #1467,2/25/2024,11,20,16,8,39,28
Tragerea #1468,2/29/2024,21,3,10,17,28,33
Tragerea #1469,3/3/2024,25,18,12,1,20,4
Tragerea #1470,3/7/2024,7,35,21,15,39,31
Tragerea #1471,3/10/2024,11,26,16,18,37,32
Tragerea #1472,3/10/2024,20,27,37,3,40,21
Tragerea #1473,3/14/2024,21,37,24,36,39,33
Tragerea #1474,3/17/2024,8,37,11,18,33,39
Tragerea #1475,3/21/2024,24,3,6,20,2,10
Tragerea #1476,3/24/2024,10,25,11,32,12,16
Tragerea #1477,3/28/2024,38,31,20,26,40,10
Tragerea #1478,3/31/2024,38,11,13,36,10,21
Tragerea #1479,4/4/2024,14,30,1,24,22,34
Tragerea #1480,4/7/2024,10,33,32,7,22,34
Tragerea #1481,4/11/2024,13,5,28,12,21,2
Tragerea #1482,4/14/2024,3,23,19,20,35,22
Tragerea #1483,4/18/2024,12,37,24,35,11,30
Tragerea #1484,4/21/2024,9,19,2,14,30,25
Tragerea #1485,4/25/2024,25,17,21,40,23,10
Tragerea #1486,4/28/2024,24,33,30,10,9,1
Tragerea #1487,5/4/2024,16,3,31,5,32,10
Tragerea #1488,5/4/2024,38,6,4,16,23,3
Tragerea #1489,5/9/2024,30,27,2,34,6,5
Tragerea #1490,5/12/2024,35,7,36,33,18,6
Tragerea #1491,5/16/2024,30,12,27,15,25,21
Tragerea #1492,5/19/2024,2,23,15,12,36,24
Tragerea #1493,5/23/2024,22,23,29,1,15,25
Tragerea #1494,5/26/2024,10,26,18,5,15,37
Tragerea #1495,5/30/2024,37,40,18,8,5,13
Tragerea #1496,6/2/2024,32,4,35,1,37,29
Tragerea #1497,6/6/2024,11,27,9,36,28,23
Tragerea #1498,6/9/2024,24,12,37,5,21,6
Tragerea #1499,6/13/2024,2,27,4,18,16,23
Tragerea #1500,6/16/2024,27,17,12,29,36,32
Tragerea #1501,6/20/2024,19,15,20,3,12,30
Tragerea #1502,6/23/2024,27,40,28,7,33,11
Tragerea #1503,6/27/2024,37,27,26,19,4,5
Tragerea #1504,6/30/2024,2,9,38,8,40,5
Tragerea #1505,7/4/2024,4,1,27,22,24,11
Tragerea #1506,7/7/2024,2,28,19,35,31,14
Tragerea #1507,7/11/2024,22,24,20,8,29,6
Tragerea #1508,7/14/2024,23,10,7,2,25,17
Tragerea #1509,7/18/2024,38,20,2,11,39,24
Tragerea #1510,7/21/2024,28,14,27,10,6,20
Tragerea #1511,7/25/2024,9,19,35,22,25,27
Tragerea #1512,7/28/2024,20,16,40,2,38,15
Tragerea #1513,8/1/2024,14,13,10,40,22,32
Tragerea #1514,8/4/2024,16,9,40,3,8,22
Tragerea #1515,8/8/2024,22,1,35,24,36,18
Tragerea #1516,8/11/2024,33,7,31,10,15,22
Tragerea #1517,8/15/2024,34,33,6,18,39,13
Tragerea #1518,8/18/2024,12,29,26,1,10,27
Tragerea #1519,8/22/2024,37,26,36,25,15,14
Tragerea #1520,8/29/2024,9,30,2,17,21,27
Tragerea #1521,9/1/2024,23,16,37,18,9,35
Tragerea #1522,9/5/2024,15,32,24,40,31,39
Tragerea #1523,9/8/2024,2,16,11,18,35,34
Tragerea #1524,9/12/2024,8,18,6,16,1,37
Tragerea #1525,9/15/2024,28,4,25,29,18,1
Tragerea #1526,9/15/2024,7,22,33,5,3,8
Tragerea #1527,9/19/2024,28,24,27,29,26,1
Tragerea #1528,9/22/2024,28,33,40,34,36,17
Tragerea #1529,9/26/2024,30,2,24,32,10,27
Tragerea #1530,9/29/2024,24,1,2,15,18,40
Tragerea #1531,10/3/2024,19,14,11,34,13,37
Tragerea #1532,10/6/2024,11,1,35,10,4,17
Tragerea #1533,10/10/2024,1,9,34,6,23,35
Tragerea #1534,10/13/2024,39,19,22,33,3,6
Tragerea #1535,10/17/2024,7,39,24,4,6,35
Tragerea #1536,10/20/2024,36,28,8,7,40,30
Tragerea #1537,10/24/2024,13,34,11,16,10,39
Tragerea #1538,10/27/2024,13,34,11,16,10,39
Tragerea #1539,10/31/2024,22,29,10,21,6,27
Tragerea #1540,11/3/2024,37,10,27,20,16,11
Tragerea #1541,11/7/2024,25,14,32,11,18,10
Tragerea #1542,11/10/2024,6,37,36,11,21,20
Tragerea #1543,11/14/2024,12,19,34,15,29,22
Tragerea #1544,11/17/2024,23,15,18,4,17,31
Tragerea #1545,11/21/2024,11,29,32,31,21,36
Tragerea #1546,11/24/2024,12,38,19,20,16,18
Tragerea #1547,11/28/2024,10,26,8,5,22,11
Tragerea #1548,12/1/2024,14,32,8,40,12,39
Tragerea #1549,12/1/2024,33,14,32,11,3,36
Tragerea #1550,12/5/2024,16,3,30,36,7,4
Tragerea #1551,12/8/2024,35,17,28,24,40,38
Tragerea #1552,12/12/2024,27,33,25,7,31,1
Tragerea #1553,12/15/2024,15,31,33,27,24,4
Tragerea #1554,12/19/2024,26,18,30,7,4,14
Tragerea #1555,12/22/2024,40,16,8,3,23,6
Tragerea #1556,12/31/2024,21,16,2,3,14,17
Tragerea #1557,12/31/2024,40,18,26,14,38,34
Tragerea #1558,1/5/2025,6,29,30,7,14,28
Tragerea #1559,1/9/2025,22,13,2,27,1,5
Tragerea #1560,1/12/2025,21,15,34,6,36,19
Tragerea #1561,1/16/2025,37,14,39,19,20,4
Tragerea #1562,1/19/2025,7,23,4,29,8,24
Tragerea #1563,1/23/2025,35,15,32,27,19,5
Tragerea #1564,1/27/2025,21,25,40,10,22,34
Tragerea #1565,1/30/2025,37,29,38,5,32,16
Tragerea #1566,2/2/2025,32,31,23,30,6,2
Tragerea #1567,2/6/2025,38,21,26,22,3,39
Tragerea #1568,2/9/2025,27,8,6,28,22,19
Tragerea #1569,2/13/2025,13,8,6,18,36,30
Tragerea #1570,2/16/2025,25,31,33,28,12,30
Tragerea #1571,2/20/2025,27,34,21,38,6,35
Tragerea #1572,2/23/2025,19,18,31,16,1,17
Tragerea #1573,2/27/2025,24,10,36,38,27,14
Tragerea #1574,3/2/2025,1,26,19,32,33,16
Tragerea #1575,3/6/2025,5,2,3,6,35,20
Tragerea #1576,3/9/2025,12,3,28,26,37,4
Tragerea #1577,3/9/2025,17,34,12,8,6,36
Tragerea #1578,3/13/2025,35,15,13,19,20,16
Tragerea #1579,3/16/2025,10,8,9,35,6,31
Tragerea #1580,3/20/2025,31,24,36,5,37,3
Tragerea #1581,3/23/2025,22,11,3,1,39,13
Tragerea #1582,3/27/2025,7,3,28,11,4,6
Tragerea #1583,3/30/2025,9,13,36,15,27,5
Tragerea #1584,4/3/2025,7,36,39,34,38,26
Tragerea #1585,4/6/2025,21,31,2,13,22,39
Tragerea #1586,4/10/2025,32,27,3,21,2,24
Tragerea #1587,4/13/2025,13,22,7,3,6,5
Tragerea #1588,4/19/2025,20,25,1,34,36,6
Tragerea #1589,4/19/2025,14,28,31,19,12,15
Tragerea #1590,4/24/2025,39,7,32,20,24,23
Tragerea #1591,4/27/2025,38,24,9,29,33,31
Tragerea #1592,5/1/2025,4,10,22,8,30,31
Tragerea #1593,5/4/2025,19,4,8,18,39,21
Tragerea #1594,5/8/2025,6,25,11,31,4,9
Tragerea #1595,5/11/2025,31,30,37,29,21,2
Tragerea #1596,5/15/2025,40,37,29,33,38,9
Tragerea #1597,5/18/2025,18,40,29,38,37,4
Tragerea #1598,5/22/2025,22,37,31,5,27,21
Tragerea #1599,5/25/2025,21,15,11,28,37,31
Tragerea #1600,5/29/2025,6,35,32,21,11,39
Tragerea #1601,6/1/2025,38,21,24,28,9,37
Tragerea #1602,6/5/2025,39,34,8,16,9,23
Tragerea #1603,6/8/2025,9,34,28,18,37,19
Tragerea #1604,6/12/2025,27,32,11,39,10,37
Tragerea #1605,6/22/2025,26,23,38,35,34,8
Tragerea #1606,6/26/2025,9,30,19,32,29,37
Tragerea #1607,6/29/2025,8,6,16,12,9,39
Tragerea #1608,7/3/2025,22,11,27,10,9,17
Tragerea #1609,7/6/2025,40,7,35,9,37,21
Tragerea #1610,7/10/2025,2,11,16,10,7,25
Tragerea #1611,7/13/2025,3,12,14,17,8,19
Tragerea #1612,7/17/2025,5,21,30,23,19,39
Tragerea #1613,7/20/2025,18,34,22,29,17,30
Tragerea #1614,7/24/2025,19,4,37,7,9,39
Tragerea #1615,7/27/2025,16,8,34,1,10,22
Tragerea #1616,7/31/2025,11,21,16,4,31,22
Tragerea #1617,8/3/2025,2,3,37,22,34,23
Tragerea #1618,8/7/2025,27,5,24,38,36,16
Tragerea #1619,8/10/2025,31,30,11,8,34,35
Tragerea #1620,8/14/2025,18,30,8,40,15,17
Tragerea #1621,8/17/2025,37,3,5,25,10,30
Tragerea #1622,8/21/2025,32,8,13,20,21,15
Tragerea #1623,8/24/2025,14,6,22,9,37,24
Tragerea #1624,8/28/2025,37,23,12,15,8,30
Tragerea #1625,8/31/2025,14,5,26,30,13,22
Tragerea #1626,9/4/2025,10,37,29,16,12,3
Tragerea #1627,9/7/2025,19,27,8,23,20,7
Tragerea #1628,9/11/2025,40,24,6,17,22,10
Tragerea #1629,9/14/2025,35,13,37,11,2,3
Tragerea #1630,9/14/2025,37,17,3,26,27,14
Tragerea #1631,9/18/2025,3,13,20,33,12,5
Tragerea #1632,9/21/2025,26,38,36,10,30,33
Tragerea #1633,9/25/2025,12,17,39,33,18,7
Tragerea #1634,9/28/2025,10,20,6,8,1,34
Tragerea #1635,10/2/2025,31,13,5,6,35,27
Tragerea #1636,10/5/2025,13,29,27,20,17,26
Tragerea #1637,10/9/2025,36,17,35,28,11,8
Tragerea #1638,10/12/2025,39,27,9,3,29,26
Tragerea #1639,10/16/2025,38,25,3,35,30,7
Tragerea #1640,10/19/2025,17,34,25,18,26,31
Tragerea #1641,10/23/2025,3,14,7,2,8,23
Tragerea #1642,10/26/2025,26,10,24,35,29,17
Tragerea #1643,10/30/2025,18,20,32,19,25,15
Tragerea #1644,11/2/2025,16,26,35,4,32,33
Tragerea #1645,11/6/2025,3,36,10,14,1,19
Tragerea #1646,11/9/2025,1,27,12,22,25,5
Tragerea #1647,11/13/2025,9,36,35,11,14,5
Tragerea #1648,11/16/2025,16,39,31,38,40,34
Tragerea #1649,11/20/2025,7,22,25,12,16,2
Tragerea #1650,11/23/2025,17,7,19,23,40,11
Tragerea #1651,11/27/2025,25,17,5,38,26,30
Tragerea #1652,11/30/2025,15,33,40,6,3,19
Tragerea #1653,12/4/2025,21,40,13,35,19,4
Tragerea #1654,12/7/2025,23,18,10,33,16,28
Tragerea #1655,12/11/2025,6,27,9,31,4,11
Tragerea #1656,12/14/2025,36,39,6,19,15,33
Tragerea #1657,12/18/2025,31,11,22,1,7,35
Tragerea #1658,12/21/2025,22,25,2,15,10,30
Tragerea #1659,12/31/2025,24,17,9,23,37,16
Tragerea #1660,12/31/2025,1,21,31,26,4,40
Tragerea #1661,1/4/2026,34,24,33,4,6,18
Tragerea #1662,1/8/2026,1,20,24,40,32,21
Tragerea #1663,1/11/2026,22,31,7,23,20,10
Tragerea #1664,1/15/2026,33,20,30,4,23,15
Tragerea #1665,1/18/2026,35,37,9,19,14,26
Tragerea #1666,1/22/2026,7,12,36,16,40,33
Tragerea #1667,1/25/2026,27,7,13,10,6,5
Tragerea #1668,1/29/2026,37,15,36,9,34,10
Tragerea #1669,2/1/2026,37,34,22,11,40,20
Tragerea #1670,2/5/2026,34,22,35,38,16,17
Tragerea #1671,2/8/2026,32,11,20,29,22,34
Tragerea #1672,2/12/2026,20,29,14,25,2,19
Tragerea #1673,2/15/2026,3,9,14,15,24,33
Tragerea #1674,2/19/2026,23,22,13,9,8,2
Tragerea #1675,2/22/2026,16,27,30,8,18,9
Tragerea #1676,2/26/2026,14,11,30,12,9,8
Tragerea #1677,3/1/2026,18,4,2,24,8,13
Tragerea #1678,3/5/2026,34,20,9,35,24,13
Tragerea #1679,3/8/2026,40,20,9,2,12,31
Tragerea #1680,3/8/2026,9,8,11,22,7,25
Tragerea #1681,3/12/2026,29,18,12,30,27,26
Tragerea #1682,3/15/2026,32,38,24,37,11,40
Tragerea #1683,3/19/2026,10,13,38,27,12,26
Tragerea #1684,3/22/2026,26,3,28,12,29,9
Tragerea #1685,3/26/2026,22,13,40,19,6,2
Tragerea #1686,3/29/2026,27,1,15,28,5,34
Tragerea #1687,4/2/2026,28,38,13,1,24,40
Tragerea #1688,4/5/2026,20,24,31,7,11,17
Tragerea #1689,4/11/2026,18,15,28,23,8,29
Tragerea #1690,4/11/2026,9,29,25,11,21,22
Tragerea #1691,4/16/2026,40,13,33,26,2,24
Tragerea #1692,4/19/2026,37,33,23,24,32,2
Tragerea #1693,4/23/2026,25,3,27,21,2,34
Tragerea #1694,4/26/2026,14,35,40,34,7,33
Tragerea #1695,4/30/2026,29,24,2,15,36,13
Tragerea #1696,5/3/2026,37,4,36,14,40,21
Tragerea #1697,5/7/2026,25,19,38,5,36,13
Tragerea #1698,5/10/2026,33,38,30,20,25,3
Tragerea #1699,5/14/2026,27,36,2,38,19,25
Tragerea #1700,5/17/2026,40,29,26,18,16,4
Tragerea #1701,5/21/2026,9,38,28,20,39,19
Tragerea #1702,5/24/2026,16,39,32,23,26,35
Tragerea #1703,5/28/2026,33,36,11,20,14,10
Tragerea #1704,5/31/2026,3,27,28,12,4,5
Tragerea #1705,6/4/2026,34,31,1,14,36,2
Tragerea #1706,6/7/2026,2,4,40,32,25,16
Tragerea #1707,6/11/2026,12,6,36,32,40,10
Tragerea #1708,6/14/2026,28,21,2,14,16,23
Tragerea #1709,6/18/2026,31,37,24,21,16,35
Tragerea #1710,6/21/2026,6,28,22,20,16,21
Tragerea #1711,6/25/2026,25,37,15,34,33,39
Tragerea #1712,6/28/2026,19,2,7,14,15,3
